house_address,house_rental_area,house_orientation,house_layout,house_floor,house_rental_price,house_id,house_update_time,house_longitude,house_latitude,house_rental_method,house_tag,house_elevator,house_parking,house_water,house_electricity,house_gas,house_heating,create_time,city
高新西-高新西-龙湖时代天街,90.62㎡,东南,3室2厅2卫,高楼层（30层）,2800 元/月,CD2794941494304448512,2021-06-30,103.928587,30.76087,整租,//权属核验/精装/双卫生间/随时看房/,有,暂无数据,民水,民电,有,暂无数据,2021-07-02 19:13:33,成都
高新西-高新西-龙湖时代天街,119.00㎡,东南,3室1厅2卫,低楼层（30层）,3500 元/月,CD2688471942746611712,2021-06-27,103.928587,30.76087,整租,//权属核验/精装/双卫生间/随时看房/,有,免费使用,民水,民电,有,暂无数据,2021-07-02 19:13:40,成都
高新西-中海国际-橙郡二期,89.00㎡,东南,2室2厅1卫,低楼层（17层）,2000 元/月,CD2799998724267851776,2021-06-28,103.985238,30.723716,整租,//权属核验/精装/随时看房/,有,暂无数据,民水,民电,有,自采暖,2021-07-02 19:13:46,成都
高新西-中海国际-林庭叠院,120.44㎡,南,3室2厅2卫,中楼层（9层）,4200 元/月,CD2791130375139622912,2021-06-27,103.978178,30.731136,整租,/权属核验/精装/双卫生间/随时看房/,有,暂无数据,民水,民电,有,自采暖,2021-07-02 19:13:51,成都
高新西-中海国际-保利香槟国际,84.58㎡,西南,2室1厅1卫,中楼层（16层）,3200 元/月,CD2726101900486787072,2021-06-24,103.982805,30.738955,整租,/权属核验/近地铁/精装/随时看房/,有,暂无数据,民水,民电,有,暂无数据,2021-07-02 19:13:55,成都
高新西-中海国际-保利香槟国际,77.41㎡,东南,2室1厅1卫,中楼层（16层）,3000 元/月,CD2805766236795830272,2021-06-28,103.982805,30.738955,整租,/权属核验/近地铁/精装/,有,暂无数据,民水,民电,有,暂无数据,2021-07-02 19:14:01,成都
高新西-高新西-龙城高新天地,38.00㎡,东南,1室1厅1卫,中楼层（19层）,1300 元/月,CD2791871019869552640,2021-06-27,103.970359,30.753756,整租,/权属核验/精装/,有,暂无数据,民水,民电,有,自采暖,2021-07-02 19:14:08,成都
高新西-高新西-金辉悦府,71.73㎡,东南,2室1厅1卫,高楼层（18层）,2300 元/月,CD2794990613102608384,2021-06-29,103.968904,30.750963,整租,/权属核验/业主自荐/精装/,有,暂无数据,民水,民电,有,暂无数据,2021-07-02 19:14:15,成都
高新西-中海国际-橙郡二期,84.00㎡,东南,2室1厅1卫,高楼层（17层）,2500 元/月,CD2728232999681802240,2021-07-01,103.985238,30.723716,整租,/权属核验/随时看房/,有,暂无数据,民水,民电,有,自采暖,2021-07-02 19:14:19,成都
高新西-中海国际-橙郡一期,119.28㎡,东南,3室2厅2卫,高楼层（17层）,3400 元/月,CD2729517855212314624,2021-06-30,103.98703,30.724793,整租,/权属核验/精装/双卫生间/,有,免费使用,民水,民电,有,自采暖,2021-07-02 19:14:23,成都
高新西-中海国际-保利香槟国际,45.54㎡,西南,1室0厅1卫,高楼层（9层）,2400 元/月,CD2807922710582132736,2021-06-25,103.982805,30.738955,整租,/权属核验/近地铁/精装/随时看房/,有,暂无数据,商水,商电,无,暂无数据,2021-07-02 19:14:32,成都
高新西-中海国际-保利香槟国际,46.00㎡,东南,1室1厅1卫,中楼层（9层）,1300 元/月,CD2731932164878254080,2021-06-30,103.982805,30.738955,整租,/权属核验/近地铁/精装/随时看房/,有,暂无数据,商水,商电,无,暂无数据,2021-07-02 19:14:35,成都
高新西-中海国际-保利香槟国际,64.74㎡,东北,2室1厅2卫,高楼层（9层）,2700 元/月,CD2731207934498848768,2021-06-26,103.982805,30.738955,整租,/权属核验/近地铁/精装/双卫生间/随时看房/,有,暂无数据,商水,商电,无,暂无数据,2021-07-02 19:14:44,成都
高新西-中海国际-保利香槟国际,41.00㎡,西南,1室1厅1卫,高楼层（9层）,1300 元/月,CD2795578342785957888,2021-06-26,103.982805,30.738955,整租,/权属核验/近地铁/精装/,有,暂无数据,民水,民电,无,暂无数据,2021-07-02 19:14:51,成都
高新西-高新西-芙华金色海伦,91.85㎡,东南,3室2厅1卫,高楼层（10层）,2200 元/月,CD2795643126688260096,2021-06-30,103.971807,30.749197,整租,/权属核验/随时看房/,有,暂无数据,民水,民电,有,自采暖,2021-07-02 19:14:55,成都
高新西-中海国际-保利香槟国际,83.61㎡,西南,2室1厅1卫,低楼层（16层）,2800 元/月,CD2807830334937776128,2021-06-28,103.982805,30.738955,整租,/权属核验/近地铁/随时看房/,有,暂无数据,民水,民电,有,暂无数据,2021-07-02 19:15:04,成都
高新西-高新西-龙湖时代天街,105.00㎡,东,3室1厅2卫,高楼层（29层）,3000 元/月,CD2809950144685424640,2021-06-27,103.928587,30.76087,整租,/权属核验/精装/双卫生间/随时看房/,有,免费使用,民水,民电,有,暂无数据,2021-07-02 19:15:08,成都
高新西-中海国际-保利香槟国际,102.00㎡,东南,3室2厅2卫,低楼层（16层）,4500 元/月,CD2809524452348395520,2021-06-26,103.982805,30.738955,整租,/权属核验/近地铁/精装/双卫生间/,有,免费使用,民水,民电,有,暂无数据,2021-07-02 19:15:12,成都
高新西-中海国际-新希望皇冠国际,9.00㎡,北,4室1厅2卫,低楼层（32层）,690 元/月,CD2675347028355055616,2021-05-19,103.97800737529,30.733228228006,合租,/权属核验/公寓/精装/随时看房/,有,免费使用,民水,民电,有,集中供暖,2021-07-02 19:15:21,成都
高新西-中海国际-保利香槟国际,45.00㎡,南,1室0厅1卫,中楼层（9层）,1300 元/月,CD2737668550822207488,2021-06-15,103.982805,30.738955,整租,/权属核验/近地铁/精装/,有,暂无数据,商水,商电,有,暂无数据,2021-07-02 19:15:26,成都
高新西-中海国际-新希望皇冠国际,26.00㎡,北,4室1厅2卫,低楼层（32层）,1100 元/月,CD2675347041919705088,2021-05-19,103.97800737529,30.733228228006,合租,/权属核验/公寓/独立卫生间/精装/随时看房/,有,免费使用,民水,民电,有,集中供暖,2021-07-02 19:15:29,成都
高新西-高新西-龙湖时代天街,28.29㎡,西南,1室0厅1卫,低楼层（25层）,1000 元/月,CD2810273983499878400,2021-06-27,103.928587,30.76087,整租,/权属核验/精装/,有,免费使用,商水,商电,无,暂无数据,2021-07-02 19:15:32,成都
高新西-中海国际-橙郡三期,7.00㎡,北,4室1厅1卫,高楼层（17层）,700 元/月,CD2621508412521332736,2021-06-24,103.98277882284,30.723194515047,合租,/权属核验/公寓/精装/随时看房/,有,暂无数据,民水,民电,有,暂无数据,2021-07-02 19:15:41,成都
高新西-中海国际-保利香槟国际,45.00㎡,东南,1室1厅1卫,高楼层（9层）,1000 元/月,CD2791905730553184256,2021-06-30,103.982805,30.738955,整租,/权属核验/近地铁/随时看房/,有,暂无数据,商水,商电,有,暂无数据,2021-07-02 19:15:47,成都
高新西-中海国际-保利香槟国际,62.68㎡,东南,2室1厅1卫,高楼层（9层）,3200 元/月,CD2791232008552972288,2021-06-30,103.982805,30.738955,整租,/权属核验/近地铁/随时看房/,有,暂无数据,商水,商电,无,暂无数据,2021-07-02 19:15:50,成都
高新西-中海国际-保利香槟国际,38.00㎡,西南,1室0厅1卫,高楼层（6层）,1400 元/月,CD2705596027259322368,2021-07-02,103.98154595761,30.741279073941,整租,/权属核验/公寓/月租/近地铁/精装/押一付一/随时看房/,有,免费使用,商水,商电,无,集中供暖,2021-07-02 19:15:52,成都
高新西-中海国际-保利香槟国际,44.52㎡,南,2室1厅2卫,中楼层（9层）,1800 元/月,CD2790597005506772992,2021-07-01,103.982805,30.738955,整租,/权属核验/近地铁/精装/双卫生间/随时看房/,有,暂无数据,民水,民电,无,暂无数据,2021-07-02 19:15:56,成都
高新西-中海国际-保利香槟国际,18.00㎡,南,5室1厅2卫,中楼层（16层）,890 元/月,CD2819481621555068928,2021-06-29,103.98248572812,30.738183735623,合租,/权属核验/新上/公寓/独立卫生间/月租/近地铁/精装/,有,租用车位,民水,民电,有,集中供暖,2021-07-02 19:16:01,成都
高新西-中海国际-保利香槟国际,84.00㎡,东南,2室1厅1卫,高楼层（16层）,3500 元/月,CD2767354811979399168,2021-06-30,103.982805,30.738955,整租,/权属核验/近地铁/精装/,有,暂无数据,民水,民电,有,暂无数据,2021-07-02 19:16:06,成都
高新西-中海国际-保利香槟国际,45.92㎡,东南,2室1厅2卫,中楼层（10层）,2200 元/月,CD2791199847410311168,2021-06-28,103.982805,30.738955,整租,/权属核验/近地铁/精装/双卫生间/随时看房/,有,暂无数据,商水,商电,无,暂无数据,2021-07-02 19:16:14,成都
高新西-中海国际-林庭叠院,138.09㎡,东南,3室2厅2卫,中楼层（8层）,4000 元/月,CD2530258732433285120,2021-06-30,103.978178,30.731136,整租,/权属核验/精装/双卫生间/随时看房/,有,暂无数据,民水,民电,有,自采暖,2021-07-02 19:16:21,成都
高新西-中海国际-保利香槟国际,42.91㎡,西南,1室1厅1卫,高楼层（9层）,1300 元/月,CD2577592023204757504,2021-06-26,103.982805,30.738955,整租,/权属核验/近地铁/随时看房/,有,租用车位,商水,商电,无,暂无数据,2021-07-02 19:16:28,成都
高新西-中海国际-保利香槟国际,46.00㎡,东,1室1厅1卫,中楼层（9层）,2550 元/月,CD2602710517806546944,2021-06-27,103.982805,30.738955,整租,/权属核验/近地铁/精装/,有,暂无数据,商水,商电,有,暂无数据,2021-07-02 19:16:36,成都
高新西-中海国际-晨风社区,23.00㎡,西南,1室0厅1卫,高楼层（4层）,650 元/月,CD2763816588351111168,2021-06-29,103.97938362935,30.74445246263,整租,/公寓/近地铁/精装/随时看房/,无,免费使用,民水,民电,有,集中供暖,2021-07-02 19:16:45,成都
高新西-中海国际-新希望皇冠国际,84.14㎡,东南,1室1厅1卫,高楼层（7层）,2200 元/月,CD2793603858004721664,2021-06-30,103.979553,30.734687,整租,/权属核验/精装/随时看房/,有,租用车位,民水,民电,无,自采暖,2021-07-02 19:16:53,成都
高新西-中海国际-橙郡三期,87.82㎡,东南,3室1厅1卫,中楼层（17层）,2300 元/月,CD2605916365475299328,2021-06-27,103.983218,30.72348,整租,/权属核验/精装/随时看房/,有,暂无数据,民水,民电,有,自采暖,2021-07-02 19:16:59,成都
高新西-中海国际-林庭叠院,121.00㎡,东南,3室2厅2卫,中楼层（9层）,4000 元/月,CD2593389839927738368,2021-06-27,103.978178,30.731136,整租,/权属核验/精装/双卫生间/,有,暂无数据,民水,民电,有,自采暖,2021-07-02 19:17:03,成都
高新西-中海国际-橙郡一期,89.78㎡,西南,2室1厅1卫,中楼层（17层）,2200 元/月,CD2618824866027282432,2021-06-08,103.98703,30.724793,整租,/权属核验/随时看房/,有,租用车位,民水,民电,有,自采暖,2021-07-02 19:17:06,成都
高新西-中海国际-橙郡二期,79.90㎡,东南,2室1厅1卫,中楼层（17层）,2300 元/月,CD2611517791886647296,2021-06-27,103.985238,30.723716,整租,/权属核验/,有,暂无数据,民水,民电,有,自采暖,2021-07-02 19:17:10,成都
高新西-高新西-龙城高新天地,36.63㎡,东南,1室1厅1卫,高楼层（19层）,1200 元/月,CD2770956316263858176,2021-06-01,103.970359,30.753756,整租,/权属核验/精装/,有,暂无数据,民水,民电,有,自采暖,2021-07-02 19:17:19,成都
高新西-中海国际-橙郡一期,84.01㎡,东南,2室1厅1卫,中楼层（17层）,2600 元/月,CD2772534883686555648,2021-06-30,103.98703,30.724793,整租,/权属核验/精装/随时看房/,有,暂无数据,民水,民电,无,自采暖,2021-07-02 19:17:27,成都
高新西-中海国际-保利香槟国际,52.31㎡,东南,1室1厅1卫,低楼层（6层）,1300 元/月,CD2634789325661020160,2021-06-08,103.982805,30.738955,整租,/权属核验/近地铁/精装/,有,暂无数据,民水,民电,无,暂无数据,2021-07-02 19:17:31,成都
高新西-中海国际-橙郡三期,87.13㎡,东南,3室2厅1卫,高楼层（17层）,2700 元/月,CD2796225964772687872,2021-07-01,103.983218,30.72348,整租,/权属核验/随时看房/,有,暂无数据,民水,民电,有,自采暖,2021-07-02 19:17:37,成都
高新西-高新西-龙湖时代天街,76.00㎡,东南,2室1厅1卫,高楼层（26层）,2300 元/月,CD2796466128187301888,2021-07-01,103.928587,30.76087,整租,/权属核验/精装/,有,免费使用,民水,民电,有,暂无数据,2021-07-02 19:17:40,成都
高新西-中海国际-保利香槟国际,46.70㎡,西南,1室1厅1卫,中楼层（9层）,1400 元/月,CD2775884823330562048,2021-06-27,103.982805,30.738955,整租,/权属核验/近地铁/精装/随时看房/,有,暂无数据,商水,商电,无,暂无数据,2021-07-02 19:17:46,成都
高新西-中海国际-保利香槟国际,45.83㎡,东南,1室1厅1卫,高楼层（6层）,1300 元/月,CD2797144776707940352,2021-06-23,103.982805,30.738955,整租,/权属核验/近地铁/精装/随时看房/,有,暂无数据,商水,商电,无,暂无数据,2021-07-02 19:17:50,成都
高新西-中海国际-保利香槟国际,132.94㎡,东北,4室2厅2卫,低楼层（16层）,5000 元/月,CD2778903174873096192,2021-06-28,103.982805,30.738955,整租,/权属核验/近地铁/精装/双卫生间/随时看房/,有,暂无数据,民水,民电,有,暂无数据,2021-07-02 19:17:57,成都
高新西-高新西-龙城高新天地,38.57㎡,东南南,1室1厅1卫,低楼层（19层）,1200 元/月,CD2644806081180090368,2021-06-17,103.970359,30.753756,整租,/权属核验/精装/,有,暂无数据,民水,民电,有,自采暖,2021-07-02 19:18:03,成都
高新西-中海国际-保利香槟国际,45.54㎡,东南,1室1厅1卫,中楼层（9层）,2000 元/月,CD2656482233267003392,2021-06-22,103.982805,30.738955,整租,/权属核验/近地铁/随时看房/,有,暂无数据,商水,商电,无,暂无数据,2021-07-02 19:18:07,成都
高新西-中海国际-蓝岸A区,147.00㎡,南,3室2厅2卫,中楼层（5层）,3300 元/月,CD2778060345044893696,2021-07-01,103.98424,30.727696,整租,/权属核验/双卫生间/随时看房/,无,暂无数据,民水,民电,有,自采暖,2021-07-02 19:18:14,成都
高新西-中海国际-橙郡二期,88.45㎡,东南,3室1厅1卫,高楼层（17层）,2400 元/月,CD2779727909534048256,2021-06-27,103.985238,30.723716,整租,/权属核验/随时看房/,有,暂无数据,民水,民电,有,自采暖,2021-07-02 19:18:18,成都
高新西-中海国际-保利香槟国际,45.83㎡,东南,2室1厅2卫,中楼层（6层）,2400 元/月,CD2778954495513083904,2021-06-26,103.982805,30.738955,整租,/权属核验/近地铁/精装/双卫生间/随时看房/,有,暂无数据,商水,商电,无,暂无数据,2021-07-02 19:18:27,成都
高新西-中海国际-保利香槟国际,41.90㎡,东南,1室1厅1卫,低楼层（6层）,1500 元/月,CD2757097687416578048,2021-06-09,103.982805,30.738955,整租,/权属核验/近地铁/精装/,有,暂无数据,商水,商电,无,暂无数据,2021-07-02 19:18:31,成都
高新西-中海国际-保利香槟国际,85.00㎡,南,2室2厅1卫,高楼层（9层）,4200 元/月,CD2755143812832559104,2021-06-15,103.982805,30.738955,整租,/权属核验/精装/随时看房/,有,暂无数据,民水,民电,有,暂无数据,2021-07-02 19:18:37,成都
高新西-中海国际-保利香槟国际,85.37㎡,西南,2室1厅1卫,高楼层（9层）,3300 元/月,CD2784781516918489088,2021-06-27,103.982805,30.738955,整租,/权属核验/精装/随时看房/,有,暂无数据,民水,民电,有,暂无数据,2021-07-02 19:18:43,成都
高新西-中海国际-保利香槟国际,85.62㎡,东南,2室1厅1卫,中楼层（16层）,2800 元/月,CD2786110288766967808,2021-06-30,103.982805,30.738955,整租,/权属核验/近地铁/精装/随时看房/,有,暂无数据,民水,民电,有,暂无数据,2021-07-02 19:18:50,成都
高新西-中海国际-橙郡三期,83.91㎡,东南,2室1厅1卫,中楼层（17层）,2300 元/月,CD2755063403260690432,2021-06-24,103.983218,30.72348,整租,/权属核验/随时看房/,有,暂无数据,民水,民电,有,自采暖,2021-07-02 19:18:59,成都
高新西-中海国际-保利香槟国际,33.92㎡,东南,1室1厅1卫,高楼层（6层）,1900 元/月,CD2758655153304240128,2021-06-22,103.982805,30.738955,整租,/权属核验/近地铁/随时看房/,有,暂无数据,商水,商电,无,暂无数据,2021-07-02 19:19:02,成都
高新西-中海国际-橙郡二期,82.77㎡,南,3室1厅1卫,高楼层（17层）,2400 元/月,CD2212199896927444992,2021-06-30,103.985238,30.723716,整租,/权属核验/随时看房/,有,暂无数据,民水,民电,有,自采暖,2021-07-02 19:19:06,成都
高新西-高新西-龙湖时代天街,80.00㎡,南,3室2厅2卫,中楼层（18层）,2950 元/月,CD2787685042854297600,2021-06-27,103.928587,30.76087,整租,/权属核验/精装/双卫生间/随时看房/,有,免费使用,民水,民电,无,暂无数据,2021-07-02 19:19:12,成都
高新西-高新西-龙城高新天地,38.57㎡,东南,1室0厅1卫,低楼层（19层）,1100 元/月,CD2787679313594417152,2021-06-17,103.970359,30.753756,整租,/权属核验/,有,暂无数据,民水,民电,有,自采暖,2021-07-02 19:19:19,成都
高新西-高新西-龙湖时代天街,48.00㎡,东南,1室0厅1卫,低楼层（30层）,1100 元/月,CD2787729923274440704,2021-06-27,103.928587,30.76087,整租,/权属核验/精装/随时看房/,有,免费使用,商水,商电,有,暂无数据,2021-07-02 19:19:23,成都
高新西-中海国际-橙郡二期,117.39㎡,西南,3室2厅2卫,低楼层（17层）,3000 元/月,CD2758038831981928448,2021-06-27,103.985238,30.723716,整租,/权属核验/精装/双卫生间/随时看房/,有,租用车位,民水,民电,有,自采暖,2021-07-02 19:19:28,成都
高新西-中海国际-保利香槟国际,65.00㎡,东南,2室1厅2卫,低楼层（6层）,2800 元/月,CD2760855672140087296,2021-07-01,103.982805,30.738955,整租,/权属核验/近地铁/双卫生间/随时看房/,有,暂无数据,商水,商电,无,暂无数据,2021-07-02 19:19:36,成都
高新西-中海国际-保利香槟国际,44.95㎡,西南,2室2厅1卫,高楼层（9层）,2100 元/月,CD2762383970493530112,2021-06-05,103.982805,30.738955,整租,/权属核验/近地铁/精装/随时看房/,有,暂无数据,商水,商电,无,暂无数据,2021-07-02 19:19:45,成都
高新西-高新西-龙城高新天地,39.66㎡,东南,1室1厅1卫,低楼层（19层）,1300 元/月,CD2789689369630883840,2021-06-09,103.970359,30.753756,整租,/权属核验/精装/,有,暂无数据,民水,民电,有,自采暖,2021-07-02 19:19:48,成都
高新西-中海国际-熙岸,121.10㎡,西南,5室2厅3卫,低楼层（6层）,2800 元/月,CD2433845227770363904,2021-06-27,103.975971,30.730748,整租,/权属核验/随时看房/,有,租用车位,民水,民电,有,自采暖,2021-07-02 19:19:55,成都
高新西-中海国际-橙郡三期,123.79㎡,东南,2室1厅1卫,中楼层（17层）,2300 元/月,CD2373070807292182528,2021-06-30,103.983218,30.72348,整租,/权属核验/随时看房/,有,暂无数据,民水,民电,有,自采暖,2021-07-02 19:20:04,成都
高新西-中海国际-橙郡三期,91.48㎡,东南,3室1厅2卫,中楼层（17层）,2400 元/月,CD2427392126573608960,2021-06-27,103.983218,30.72348,整租,/权属核验/双卫生间/随时看房/,有,暂无数据,民水,民电,有,自采暖,2021-07-02 19:20:08,成都
高新西-中海国际-橙郡一期,130.23㎡,东南,3室1厅1卫,中楼层（17层）,2900 元/月,CD2740670942568259584,2021-06-27,103.98703,30.724793,整租,/权属核验/随时看房/,有,租用车位,民水,民电,有,自采暖,2021-07-02 19:20:17,成都
高新西-中海国际-保利香槟国际,114.00㎡,东南,3室2厅2卫,中楼层（16层）,3500 元/月,CD2667341273220268032,2021-06-27,103.982805,30.738955,整租,/权属核验/近地铁/双卫生间/随时看房/,有,租用车位,民水,民电,有,暂无数据,2021-07-02 19:20:24,成都
高新西-中海国际-保利香槟国际,45.00㎡,东南,2室1厅1卫,中楼层（9层）,2500 元/月,CD2744191105951342592,2021-06-28,103.982805,30.738955,整租,/权属核验/近地铁/精装/,有,暂无数据,商水,商电,无,暂无数据,2021-07-02 19:20:32,成都
高新西-中海国际-碧林,119.28㎡,南,3室1厅2卫,低楼层（6层）,3300 元/月,CD2746324242134990848,2021-06-30,103.980672,30.731089,整租,/权属核验/近地铁/双卫生间/,无,暂无数据,民水,民电,有,自采暖,2021-07-02 19:20:38,成都
高新西-中海国际-新希望皇冠国际,44.95㎡,西南,3室2厅2卫,低楼层（10层）,1800 元/月,CD2683324366904893440,2021-06-15,103.979553,30.734687,整租,/权属核验/近地铁/双卫生间/随时看房/,有,租用车位,民水,民电,有,自采暖,2021-07-02 19:20:40,成都
高新西-中海国际-橙郡二期,79.60㎡,东南南,2室1厅1卫,中楼层（17层）,2200 元/月,CD2749197468150267904,2021-06-27,103.985238,30.723716,整租,/权属核验/随时看房/,有,暂无数据,民水,民电,有,自采暖,2021-07-02 19:20:49,成都
高新西-中海国际-保利香槟国际,63.19㎡,西南,2室1厅2卫,中楼层（10层）,2600 元/月,CD2748527779351109632,2021-06-29,103.982805,30.738955,整租,/权属核验/近地铁/精装/双卫生间/随时看房/,有,暂无数据,商水,商电,无,暂无数据,2021-07-02 19:20:52,成都
高新西-中海国际-蓝岸A区,121.00㎡,南,3室2厅2卫,低楼层（5层）,4500 元/月,CD2750565165480017920,2021-06-27,103.98424,30.727696,整租,/权属核验/双卫生间/随时看房/,无,暂无数据,民水,民电,有,自采暖,2021-07-02 19:20:59,成都
高新西-高新西-龙湖时代天街,79.00㎡,东,1室1厅1卫,高楼层（18层）,3000 元/月,CD2748596703308824576,2021-06-27,103.928587,30.76087,整租,/权属核验/,有,免费使用,商水,商电,无,暂无数据,2021-07-02 19:21:06,成都
高新西-高新西-金辉悦府,52.81㎡,东南,2室2厅1卫,高楼层（10层）,2200 元/月,CD2750052874741620736,2021-06-27,103.968904,30.750963,整租,/权属核验/精装/随时看房/,有,暂无数据,商水,商电,有,暂无数据,2021-07-02 19:21:12,成都
高新西-中海国际-橙郡一期,121.00㎡,东南,3室1厅2卫,中楼层（17层）,3500 元/月,CD2689717981000237056,2021-06-27,103.98703,30.724793,整租,/权属核验/精装/双卫生间/随时看房/,有,暂无数据,民水,民电,有,自采暖,2021-07-02 19:21:19,成都
高新西-中海国际-橙郡一期,122.00㎡,南,3室1厅2卫,中楼层（17层）,4000 元/月,CD2751432494531485696,2021-06-20,103.98703,30.724793,整租,/权属核验/双卫生间/随时看房/,有,暂无数据,民水,民电,有,自采暖,2021-07-02 19:21:25,成都
高新西-中海国际-碧林,175.20㎡,东南,3室2厅2卫,高楼层（6层）,5500 元/月,CD2755599318852845568,2021-06-27,103.980672,30.731089,整租,/权属核验/精装/双卫生间/,无,暂无数据,民水,民电,有,自采暖,2021-07-02 19:21:30,成都
高新西-中海国际-保利香槟国际,45.00㎡,西南,2室2厅2卫,高楼层（9层）,2300 元/月,CD2749308460021071872,2021-06-28,103.982805,30.738955,整租,/权属核验/近地铁/精装/双卫生间/随时看房/,有,暂无数据,民水,民电,无,暂无数据,2021-07-02 19:21:34,成都
高新西-中海国际-保利香槟国际,46.83㎡,东南,2室1厅1卫,高楼层（9层）,2500 元/月,CD2781008582890487808,2021-07-01,103.982805,30.738955,整租,/权属核验/近地铁/精装/随时看房/,有,暂无数据,民水,民电,无,暂无数据,2021-07-02 19:21:41,成都
高新西-中海国际-橙郡三期,88.29㎡,西南,3室2厅1卫,高楼层（17层）,3500 元/月,CD2781019845343313920,2021-06-27,103.983218,30.72348,整租,/权属核验/精装/随时看房/,有,租用车位,民水,民电,有,自采暖,2021-07-02 19:21:48,成都
高新西-中海国际-碧林,142.17㎡,东南,3室2厅2卫,高楼层（6层）,4000 元/月,CD2751322942691344384,2021-06-30,103.980672,30.731089,整租,/权属核验/精装/双卫生间/随时看房/,无,暂无数据,民水,民电,有,自采暖,2021-07-02 19:21:51,成都
高新西-中海国际-保利香槟国际,55.84㎡,东南,2室1厅1卫,高楼层（16层）,3300 元/月,CD2752080300673867776,2021-06-26,103.982805,30.738955,整租,/权属核验/近地铁/,有,暂无数据,民水,民电,有,暂无数据,2021-07-02 19:21:54,成都
高新西-中海国际-保利香槟国际,44.55㎡,东南,1室1厅1卫,高楼层（9层）,2750 元/月,CD2754221414491103232,2021-06-26,103.982805,30.738955,整租,/权属核验/近地铁/精装/随时看房/,有,暂无数据,民水,民电,无,暂无数据,2021-07-02 19:21:58,成都
高新西-高新西-芙华金色海伦,109.00㎡,东南,3室1厅2卫,低楼层（10层）,2500 元/月,CD2754383137307107328,2021-06-18,103.971807,30.749197,整租,/权属核验/精装/双卫生间/,有,暂无数据,民水,民电,有,自采暖,2021-07-02 19:22:06,成都
高新西-中海国际-碧林,140.08㎡,南,3室2厅2卫,高楼层（6层）,2800 元/月,CD2782650706258034688,2021-06-24,103.980672,30.731089,整租,/权属核验/精装/双卫生间/随时看房/,无,暂无数据,民水,民电,有,自采暖,2021-07-02 19:22:13,成都
高新西-中海国际-橙郡一期,83.97㎡,东南,3室1厅2卫,高楼层（17层）,4400 元/月,CD2675415448568201216,2021-06-27,103.98703,30.724793,整租,/权属核验/精装/双卫生间/随时看房/,有,租用车位,民水,民电,有,自采暖,2021-07-02 19:22:18,成都
高新西-中海国际-保利香槟国际,83.61㎡,西南,2室1厅1卫,中楼层（16层）,2500 元/月,CD2677489011643392000,2021-06-23,103.982805,30.738955,整租,/权属核验/近地铁/精装/随时看房/,有,暂无数据,民水,民电,有,暂无数据,2021-07-02 19:22:26,成都
高新西-中海国际-保利香槟国际,46.70㎡,东南,1室1厅1卫,中楼层（9层）,2000 元/月,CD2680241536712572928,2021-06-28,103.982805,30.738955,整租,/权属核验/近地铁/随时看房/,有,暂无数据,民水,民电,无,暂无数据,2021-07-02 19:22:34,成都
高新西-中海国际-新希望皇冠国际,160.40㎡,东南,4室2厅3卫,中楼层（10层）,4700 元/月,CD2694013161836642304,2021-06-30,103.979553,30.734687,整租,/权属核验/随时看房/,有,租用车位,民水,民电,有,自采暖,2021-07-02 19:22:38,成都
高新西-中海国际-橙郡二期,88.56㎡,东南南,3室1厅1卫,中楼层（17层）,2100 元/月,CD2694058901116297216,2021-06-27,103.985238,30.723716,整租,/权属核验/,有,暂无数据,民水,民电,有,自采暖,2021-07-02 19:22:44,成都
高新西-中海国际-保利香槟国际,45.54㎡,东,1室1厅1卫,高楼层（9层）,2300 元/月,CD2354155191978164224,2021-06-26,103.982805,30.738955,整租,/权属核验/近地铁/随时看房/,有,暂无数据,商水,商电,无,暂无数据,2021-07-02 19:22:52,成都
高新西-中海国际-保利香槟国际,45.90㎡,东南,2室2厅2卫,中楼层（9层）,2200 元/月,CD2490499575644176384,2021-06-26,103.982805,30.738955,整租,/权属核验/近地铁/双卫生间/随时看房/,有,租用车位,商水,商电,无,暂无数据,2021-07-02 19:22:55,成都
高新西-中海国际-橙郡一期,33.40㎡,南,1室0厅0卫,地下室,400 元/月,CD2704951896611241984,2021-06-27,103.98703,30.724793,整租,/权属核验/,无,租用车位,暂无数据,暂无数据,无,自采暖,2021-07-02 19:23:00,成都
高新西-中海国际-橙郡三期,89.00㎡,西南,3室1厅1卫,中楼层（17层）,2000 元/月,CD2507259214783578112,2021-06-27,103.983218,30.72348,整租,/权属核验/随时看房/,有,暂无数据,民水,民电,有,自采暖,2021-07-02 19:23:02,成都
高新西-中海国际-橙郡三期,84.13㎡,东北,2室1厅1卫,低楼层（17层）,2200 元/月,CD2566541932755435520,2021-06-27,103.983218,30.72348,整租,/权属核验/,有,暂无数据,民水,民电,有,自采暖,2021-07-02 19:23:10,成都
高新西-中海国际-橙郡一期,121.52㎡,东南,3室1厅2卫,高楼层（17层）,3000 元/月,CD2710650257733328896,2021-06-27,103.98703,30.724793,整租,/权属核验/双卫生间/随时看房/,有,暂无数据,民水,民电,无,自采暖,2021-07-02 19:23:13,成都
高新西-高新西-金辉悦府,46.84㎡,南,2室1厅1卫,中楼层（10层）,2000 元/月,CD2554116451388620800,2021-06-26,103.968904,30.750963,整租,/权属核验/精装/,有,暂无数据,商水,商电,有,暂无数据,2021-07-02 19:23:17,成都
高新西-中海国际-橙郡三期,95.00㎡,东南,3室2厅1卫,高楼层（17层）,2600 元/月,CD2560704427845484544,2021-06-10,103.983218,30.72348,整租,/权属核验/随时看房/,有,暂无数据,民水,民电,有,自采暖,2021-07-02 19:23:19,成都
高新西-中海国际-保利香槟国际,60.54㎡,东南,3室2厅2卫,中楼层（16层）,3300 元/月,CD2578197334781599744,2021-06-26,103.982805,30.738955,整租,/权属核验/近地铁/双卫生间/,有,暂无数据,民水,民电,有,暂无数据,2021-07-02 19:23:28,成都
高新西-中海国际-保利香槟国际,61.63㎡,东南,1室1厅1卫,高楼层（9层）,1500 元/月,CD2592883254214262784,2021-06-22,103.982805,30.738955,整租,/权属核验/近地铁/精装/,有,暂无数据,商水,商电,无,暂无数据,2021-07-02 19:23:35,成都
高新西-中海国际-橙郡三期,80.34㎡,东南,2室2厅1卫,高楼层（17层）,2400 元/月,CD2715415896762875904,2021-06-27,103.983218,30.72348,整租,/权属核验/精装/随时看房/,有,租用车位,民水,民电,有,自采暖,2021-07-02 19:23:38,成都
高新西-中海国际-保利香槟国际,115.00㎡,东南,3室1厅2卫,高楼层（16层）,3100 元/月,CD2727548539499446272,2021-06-20,103.982805,30.738955,整租,//权属核验/近地铁/精装/双卫生间/随时看房/,有,租用车位,民水,民电,有,暂无数据,2021-07-02 19:23:42,成都
高新西-中海国际-新希望皇冠国际,125.60㎡,南,4室2厅2卫,低楼层（10层）,3000 元/月,CD2558017017449807872,2021-06-27,103.979553,30.734687,整租,/权属核验/双卫生间/,有,暂无数据,民水,民电,有,自采暖,2021-07-02 19:23:51,成都
高新西-中海国际-保利香槟国际,46.83㎡,西南,2室1厅1卫,高楼层（6层）,2500 元/月,CD2547591668664631296,2021-06-26,103.982805,30.738955,整租,/权属核验/近地铁/精装/,有,暂无数据,商水,商电,无,暂无数据,2021-07-02 19:24:00,成都
高新西-高新西-龙湖时代天街,91.00㎡,西南,3室1厅2卫,高楼层（30层）,2650 元/月,CD2555579284492664832,2021-06-23,103.928587,30.76087,整租,/权属核验/双卫生间/随时看房/,有,暂无数据,民水,民电,有,暂无数据,2021-07-02 19:24:08,成都
高新西-中海国际-橙郡一期,90.12㎡,东南,2室1厅1卫,低楼层（17层）,2600 元/月,CD2598437952405651456,2021-06-08,103.98703,30.724793,整租,/权属核验/精装/随时看房/,有,暂无数据,民水,民电,有,自采暖,2021-07-02 19:24:13,成都
高新西-中海国际-保利香槟国际,61.83㎡,南,2室1厅1卫,低楼层（9层）,1600 元/月,CD2585612333287997440,2021-06-06,103.982805,30.738955,整租,/权属核验/近地铁/随时看房/,有,租用车位,商水,商电,无,暂无数据,2021-07-02 19:24:21,成都
高新西-中海国际-橙郡一期,125.63㎡,南北,2室2厅2卫,高楼层（17层）,3000 元/月,CD2803637654350987264,2021-06-29,103.98703,30.724793,整租,/权属核验/双卫生间/随时看房/,有,租用车位,民水,民电,有,自采暖,2021-07-02 19:24:26,成都
高新西-中海国际-橙郡一期,121.52㎡,东南,3室2厅2卫,中楼层（17层）,3200 元/月,CD2700770104220073984,2021-06-27,103.98703,30.724793,整租,/权属核验/精装/双卫生间/随时看房/,有,暂无数据,民水,民电,无,自采暖,2021-07-02 19:24:29,成都
高新西-中海国际-保利香槟国际,45.00㎡,南,2室1厅1卫,中楼层（6层）,2200 元/月,CD2804492446426202112,2021-06-26,103.982805,30.738955,整租,/权属核验/近地铁/精装/,有,暂无数据,商水,商电,无,暂无数据,2021-07-02 19:24:38,成都
高新西-中海国际-熙岸,136.27㎡,南,3室2厅2卫,中楼层（6层）,7300 元/月,CD2577476056907268096,2021-07-01,103.975971,30.730748,整租,/权属核验/精装/双卫生间/随时看房/,无,暂无数据,民水,民电,有,自采暖,2021-07-02 19:24:42,成都
高新西-中海国际-保利香槟国际,45.00㎡,西南,2室1厅1卫,高楼层（6层）,2000 元/月,CD2600595291333722112,2021-06-08,103.982805,30.738955,整租,/权属核验/近地铁/随时看房/,有,暂无数据,商水,商电,无,暂无数据,2021-07-02 19:24:50,成都
高新西-中海国际-橙郡一期,89.79㎡,东南,2室1厅1卫,低楼层（17层）,2200 元/月,CD2618768381947953152,2021-06-25,103.98703,30.724793,整租,/权属核验/精装/随时看房/,有,租用车位,民水,民电,无,自采暖,2021-07-02 19:24:56,成都
高新西-中海国际-保利香槟国际,44.93㎡,东南,1室1厅1卫,低楼层（6层）,1500 元/月,CD2616472201381560320,2021-06-15,103.982805,30.738955,整租,/权属核验/近地铁/精装/,有,租用车位,商水,商电,无,暂无数据,2021-07-02 19:24:59,成都
高新西-中海国际-保利香槟国际,46.83㎡,东南,2室1厅1卫,中楼层（9层）,2600 元/月,CD2726797302760218624,2021-06-28,103.982805,30.738955,整租,/权属核验/近地铁/精装/随时看房/,有,暂无数据,民水,民电,无,暂无数据,2021-07-02 19:25:03,成都
高新西-中海国际-保利香槟国际,85.00㎡,东南,2室1厅1卫,高楼层（16层）,3000 元/月,CD2727391920187260928,2021-06-27,103.982805,30.738955,整租,/权属核验/近地铁/,有,暂无数据,民水,民电,有,暂无数据,2021-07-02 19:25:07,成都
高新西-中海国际-橙郡一期,89.79㎡,南,2室2厅1卫,低楼层（17层）,2000 元/月,CD2630409626050904064,2021-06-15,103.98703,30.724793,整租,/权属核验/精装/随时看房/,有,租用车位,民水,民电,无,自采暖,2021-07-02 19:25:10,成都
高新西-中海国际-保利香槟国际,101.00㎡,东南,3室2厅2卫,低楼层（9层）,4800 元/月,CD2729784157545693184,2021-06-27,103.982805,30.738955,整租,/权属核验/双卫生间/随时看房/,有,暂无数据,民水,民电,有,暂无数据,2021-07-02 19:25:17,成都
高新西-中海国际-保利香槟国际,42.47㎡,西南,1室1厅1卫,高楼层（9层）,2000 元/月,CD2729749312106921984,2021-06-18,103.982805,30.738955,整租,/权属核验/近地铁/精装/随时看房/,有,暂无数据,商水,商电,有,暂无数据,2021-07-02 19:25:21,成都
高新西-中海国际-橙郡二期,88.63㎡,东南,3室1厅1卫,低楼层（17层）,2300 元/月,CD2730397925904482304,2021-06-27,103.985238,30.723716,整租,/权属核验/随时看房/,有,暂无数据,民水,民电,有,自采暖,2021-07-02 19:25:25,成都
高新西-中海国际-橙郡一期,111.00㎡,东南南,3室1厅2卫,高楼层（17层）,2900 元/月,CD2732427599866503168,2021-06-27,103.98703,30.724793,整租,/权属核验/双卫生间/,有,暂无数据,民水,民电,有,自采暖,2021-07-02 19:25:31,成都
高新西-中海国际-橙郡三期,92.34㎡,东,3室2厅2卫,高楼层（17层）,2300 元/月,CD2638485571722280960,2021-06-27,103.983218,30.72348,整租,/权属核验/精装/双卫生间/,有,暂无数据,民水,民电,有,自采暖,2021-07-02 19:25:33,成都
高新西-高新西-龙湖时代天街,29.92㎡,东,2室2厅2卫,中楼层（18层）,4000 元/月,CD2736318697504784384,2021-06-27,103.928587,30.76087,整租,/权属核验/精装/双卫生间/,有,免费使用,民水,民电,无,暂无数据,2021-07-02 19:25:40,成都
高新西-中海国际-橙郡一期,122.22㎡,东,3室2厅2卫,低楼层（17层）,2800 元/月,CD2653661900369838080,2021-06-08,103.98703,30.724793,整租,/权属核验/精装/双卫生间/随时看房/,有,租用车位,民水,民电,无,自采暖,2021-07-02 19:25:45,成都
高新西-中海国际-保利香槟国际,45.00㎡,东南,1室0厅1卫,低楼层（9层）,1500 元/月,CD2737039977820471296,2021-06-25,103.982805,30.738955,整租,/权属核验/近地铁/精装/,有,暂无数据,商水,商电,无,暂无数据,2021-07-02 19:25:49,成都
高新西-中海国际-橙郡三期,84.55㎡,西南,3室1厅1卫,中楼层（17层）,3000 元/月,CD2648524962281037824,2021-06-27,103.983218,30.72348,整租,/权属核验/精装/,有,暂无数据,民水,民电,有,自采暖,2021-07-02 19:25:51,成都
高新西-中海国际-橙郡一期,146.14㎡,南,4室2厅2卫,中楼层（17层）,3200 元/月,CD2571672764902031360,2021-06-13,103.98703,30.724793,整租,/权属核验/双卫生间/随时看房/,有,免费使用,民水,民电,有,自采暖,2021-07-02 19:26:00,成都
高新西-中海国际-橙郡一期,110.26㎡,南,3室2厅2卫,高楼层（17层）,2600 元/月,CD2605795063133388800,2021-06-19,103.98703,30.724793,整租,/权属核验/精装/双卫生间/随时看房/,有,租用车位,民水,民电,无,自采暖,2021-07-02 19:26:08,成都
高新西-中海国际-保利香槟国际,46.58㎡,西南,2室1厅1卫,中楼层（6层）,2500 元/月,CD2762407656081080320,2021-06-26,103.982805,30.738955,整租,/权属核验/近地铁/精装/随时看房/,有,暂无数据,商水,商电,无,暂无数据,2021-07-02 19:26:15,成都
高新西-中海国际-保利香槟国际,80.00㎡,东南,2室1厅1卫,低楼层（16层）,3200 元/月,CD2806540881006968832,2021-06-30,103.982805,30.738955,整租,/权属核验/近地铁/,有,暂无数据,民水,民电,有,暂无数据,2021-07-02 19:26:21,成都
高新西-中海国际-保利香槟国际,46.83㎡,东南,1室0厅1卫,中楼层（10层）,1400 元/月,CD2816751322362019840,2021-06-26,103.982805,30.738955,整租,/权属核验/近地铁/精装/随时看房/,有,暂无数据,商水,商电,无,暂无数据,2021-07-02 19:26:24,成都
高新西-中海国际-保利香槟国际,86.00㎡,东南,2室1厅1卫,高楼层（16层）,3500 元/月,CD2817222974128791552,2021-06-27,103.982805,30.738955,整租,//权属核验/新上/近地铁/精装/随时看房/,有,暂无数据,民水,民电,有,暂无数据,2021-07-02 19:26:32,成都
高新西-中海国际-橙郡一期,89.68㎡,东南,2室1厅1卫,高楼层（17层）,2300 元/月,CD2806639744685965312,2021-06-27,103.98703,30.724793,整租,//权属核验/精装/随时看房/,有,暂无数据,民水,民电,无,自采暖,2021-07-02 19:26:37,成都
高新西-中海国际-保利香槟国际,42.85㎡,东北,1室1厅1卫,高楼层（6层）,2600 元/月,CD2807762548332429312,2021-06-24,103.982805,30.738955,整租,/权属核验/近地铁/精装/随时看房/,有,暂无数据,商水,商电,无,暂无数据,2021-07-02 19:26:45,成都
高新西-中海国际-保利香槟国际,44.55㎡,东南,2室1厅1卫,高楼层（9层）,2300 元/月,CD2765025229486440448,2021-06-20,103.982805,30.738955,整租,/权属核验/近地铁/精装/随时看房/,有,暂无数据,商水,商电,有,暂无数据,2021-07-02 19:26:50,成都
高新西-中海国际-保利香槟国际,41.90㎡,西南,1室0厅1卫,高楼层（10层）,2000 元/月,CD2817922349633118208,2021-07-01,103.982805,30.738955,整租,/权属核验/新上/近地铁/随时看房/,有,暂无数据,商水,商电,无,暂无数据,2021-07-02 19:26:56,成都
高新西-中海国际-保利香槟国际,85.37㎡,东南,2室1厅1卫,高楼层（9层）,3500 元/月,CD2766693622149038080,2021-06-27,103.982805,30.738955,整租,/权属核验/精装/,有,暂无数据,民水,民电,有,暂无数据,2021-07-02 19:26:59,成都
高新西-中海国际-保利香槟国际,45.00㎡,南,1室1厅1卫,低楼层（6层）,1300 元/月,CD2770320444383821824,2021-06-30,103.982805,30.738955,整租,/权属核验/近地铁/精装/,有,暂无数据,商水,商电,无,暂无数据,2021-07-02 19:27:04,成都
高新西-高新西-龙城高新天地,38.57㎡,南,1室1厅1卫,低楼层（19层）,1050 元/月,CD2773884444593881088,2021-06-28,103.970359,30.753756,整租,/权属核验/精装/,有,暂无数据,民水,民电,有,自采暖,2021-07-02 19:27:13,成都
高新西-中海国际-碧林,115.70㎡,东南,3室1厅2卫,中楼层（6层）,2800 元/月,CD2801250279574470656,2021-06-27,103.980672,30.731089,整租,/权属核验/近地铁/双卫生间/,无,暂无数据,民水,民电,有,自采暖,2021-07-02 19:27:21,成都
高新西-高新西-龙湖时代天街,42.00㎡,东南,1室1厅1卫,低楼层（29层）,2400 元/月,CD2802122958183596032,2021-06-27,103.928587,30.76087,整租,//权属核验/精装/随时看房/,无,免费使用,暂无数据,暂无数据,有,暂无数据,2021-07-02 19:27:26,成都
高新西-中海国际-保利香槟国际,43.33㎡,东南,1室1厅1卫,中楼层（6层）,1300 元/月,CD2802280820277256192,2021-06-26,103.982805,30.738955,整租,/权属核验/近地铁/精装/,有,租用车位,商水,商电,无,暂无数据,2021-07-02 19:27:33,成都
高新西-中海国际-保利香槟国际,63.00㎡,东南,1室0厅1卫,高楼层（9层）,3200 元/月,CD2802220864975159296,2021-06-25,103.982805,30.738955,整租,/权属核验/近地铁/精装/,有,暂无数据,民水,民电,无,暂无数据,2021-07-02 19:27:38,成都
高新西-中海国际-保利香槟国际,44.93㎡,东南,1室0厅0卫,中楼层（9层）,1200 元/月,CD2803492131967344640,2021-06-29,103.982805,30.738955,整租,/权属核验/近地铁/,有,暂无数据,商水,商电,无,暂无数据,2021-07-02 19:27:45,成都
高新西-中海国际-保利香槟国际,63.03㎡,东南,2室1厅1卫,低楼层（16层）,3100 元/月,CD2803488148334845952,2021-06-23,103.982805,30.738955,整租,//权属核验/近地铁/随时看房/,有,暂无数据,民水,民电,有,暂无数据,2021-07-02 19:27:52,成都
高新西-高新西-恒大帝景,39.05㎡,东南,1室0厅1卫,高楼层（32层）,1200 元/月,CD2804439624326856704,2021-07-01,103.93113,30.798078,整租,/权属核验/精装/随时看房/,有,暂无数据,民水,民电,无,自采暖,2021-07-02 19:27:55,成都
高新西-中海国际-橙郡一期,84.01㎡,东南南,2室2厅1卫,低楼层（17层）,2500 元/月,CD2804954738931023872,2021-06-30,103.98703,30.724793,整租,//权属核验/精装/随时看房/,有,暂无数据,民水,民电,无,自采暖,2021-07-02 19:27:59,成都
高新西-高新西-芙华金色海伦,92.33㎡,南北,2室1厅1卫,中楼层（10层）,2400 元/月,CD2805630707534135296,2021-07-01,103.971807,30.749197,整租,/权属核验/业主自荐/精装/,有,暂无数据,民水,民电,有,自采暖,2021-07-02 19:28:03,成都
高新西-中海国际-保利香槟国际,42.24㎡,东南,2室1厅1卫,高楼层（10层）,2300 元/月,CD2805806001725644800,2021-06-28,103.982805,30.738955,整租,/权属核验/近地铁/精装/随时看房/,有,暂无数据,商水,商电,无,暂无数据,2021-07-02 19:28:08,成都
高新西-高新西-龙湖时代天街,42.00㎡,东南,2室1厅1卫,中楼层（29层）,2000 元/月,CD2749936020433666048,2021-06-27,103.928587,30.76087,整租,/权属核验/精装/,无,免费使用,暂无数据,暂无数据,有,暂无数据,2021-07-02 19:28:12,成都
高新西-中海国际-碧林,115.70㎡,西南,3室1厅2卫,低楼层（6层）,3800 元/月,CD2745633582252040192,2021-06-30,103.980672,30.731089,整租,/权属核验/近地铁/精装/双卫生间/,无,暂无数据,民水,民电,有,自采暖,2021-07-02 19:28:16,成都
高新西-高新西-龙湖时代天街,42.00㎡,东南,2室1厅2卫,低楼层（29层）,2200 元/月,CD2749932725271003136,2021-06-27,103.928587,30.76087,整租,/权属核验/精装/双卫生间/,无,免费使用,暂无数据,暂无数据,有,暂无数据,2021-07-02 19:28:19,成都
高新西-中海国际-保利香槟国际,45.00㎡,南,2室1厅1卫,高楼层（9层）,3000 元/月,CD2670871752778711040,2021-06-30,103.982805,30.738955,整租,/权属核验/近地铁/精装/,有,租用车位,商水,商电,有,暂无数据,2021-07-02 19:28:28,成都
高新西-高新西-龙湖时代天街,90.62㎡,西南,3室1厅1卫,中楼层（29层）,3000 元/月,CD2802028223343632384,2021-06-27,103.928587,30.76087,整租,/权属核验/精装/,有,免费使用,民水,民电,有,暂无数据,2021-07-02 19:28:36,成都
高新西-中海国际-橙郡二期,85.76㎡,东南,3室1厅1卫,中楼层（17层）,2600 元/月,CD2701496448880746496,2021-06-27,103.985238,30.723716,整租,/权属核验/,有,暂无数据,民水,民电,有,自采暖,2021-07-02 19:28:39,成都
高新西-中海国际-保利香槟国际,44.43㎡,西南,2室1厅1卫,高楼层（16层）,3300 元/月,CD2789684434067267584,2021-06-29,103.982805,30.738955,整租,/权属核验/近地铁/精装/随时看房/,有,暂无数据,民水,民电,有,暂无数据,2021-07-02 19:28:43,成都
高新西-中海国际-保利香槟国际,106.18㎡,东南,3室2厅2卫,高楼层（16层）,4500 元/月,CD2790541462352166912,2021-06-29,103.982805,30.738955,整租,/权属核验/近地铁/精装/双卫生间/,有,暂无数据,民水,民电,有,暂无数据,2021-07-02 19:28:45,成都
高新西-中海国际-保利香槟国际,50.21㎡,东南,2室2厅2卫,高楼层（9层）,2800 元/月,CD2791253619931365376,2021-06-26,103.982805,30.738955,整租,/权属核验/近地铁/精装/双卫生间/,有,暂无数据,商水,商电,无,暂无数据,2021-07-02 19:28:53,成都
高新西-中海国际-橙郡二期,86.02㎡,东南南,2室1厅1卫,低楼层（17层）,2100 元/月,CD2710928055924162560,2021-07-01,103.985238,30.723716,整租,/权属核验/随时看房/,有,暂无数据,民水,民电,有,自采暖,2021-07-02 19:29:00,成都
高新西-高新西-龙湖时代天街,28.00㎡,东,1室1厅1卫,高楼层（25层）,950 元/月,CD2791172472958099456,2021-06-27,103.928587,30.76087,整租,/权属核验/精装/,有,免费使用,商水,商电,无,暂无数据,2021-07-02 19:29:06,成都
高新西-中海国际-保利香槟国际,45.54㎡,东北,2室1厅1卫,高楼层（10层）,2300 元/月,CD2792622059728150528,2021-06-28,103.982805,30.738955,整租,/权属核验/近地铁/精装/,有,暂无数据,商水,商电,无,暂无数据,2021-07-02 19:29:13,成都
高新西-中海国际-保利香槟国际,85.00㎡,东南,2室1厅1卫,高楼层（16层）,3000 元/月,CD2815268882515247104,2021-06-26,103.982805,30.738955,整租,/权属核验/近地铁/精装/,有,暂无数据,民水,民电,有,暂无数据,2021-07-02 19:29:17,成都
高新西-高新西-金辉悦府,89.54㎡,东南,3室1厅2卫,低楼层（18层）,2800 元/月,CD2787803076139163648,2021-06-11,103.968904,30.750963,整租,/权属核验/精装/双卫生间/随时看房/,有,租用车位,民水,民电,有,暂无数据,2021-07-02 19:29:22,成都
高新西-中海国际-保利香槟国际,45.74㎡,东南,1室1厅1卫,低楼层（6层）,1200 元/月,CD2815364588395036672,2021-06-27,103.982805,30.738955,整租,/权属核验/近地铁/精装/随时看房/,有,暂无数据,商水,商电,无,暂无数据,2021-07-02 19:29:26,成都
高新西-高新西-中房学府海棠一期,121.07㎡,南北,3室2厅2卫,高楼层（27层）,2600 元/月,CD2789786661855436800,2021-06-27,103.934099,30.763566,整租,/权属核验/精装/双卫生间/随时看房/,有,免费使用,民水,民电,有,自采暖,2021-07-02 19:29:30,成都
高新西-中海国际-保利香槟国际,109.44㎡,东东南,3室2厅2卫,高楼层（16层）,5000 元/月,CD2792562168858411008,2021-06-29,103.982805,30.738955,整租,/权属核验/近地铁/精装/双卫生间/,有,暂无数据,民水,民电,有,暂无数据,2021-07-02 19:29:38,成都
高新西-中海国际-保利香槟国际,83.58㎡,西南,2室2厅1卫,中楼层（16层）,3200 元/月,CD2817908511751536640,2021-07-01,103.982805,30.738955,整租,/权属核验/业主自荐/新上/近地铁/,有,暂无数据,民水,民电,有,暂无数据,2021-07-02 19:29:41,成都
高新西-中海国际-保利香槟国际,84.00㎡,东北,2室1厅1卫,中楼层（16层）,3800 元/月,CD2792747800046346240,2021-06-26,103.982805,30.738955,整租,/权属核验/近地铁/精装/随时看房/,有,暂无数据,民水,民电,有,暂无数据,2021-07-02 19:29:45,成都
高新西-中海国际-保利香槟国际,44.95㎡,东南,2室1厅1卫,中楼层（9层）,2200 元/月,CD2794912854589833216,2021-06-25,103.982805,30.738955,整租,/权属核验/近地铁/,有,暂无数据,商水,商电,有,暂无数据,2021-07-02 19:29:51,成都
高新西-中海国际-橙郡三期,91.94㎡,东南,3室1厅1卫,高楼层（17层）,2800 元/月,CD2795692487295893504,2021-06-27,103.983218,30.72348,整租,/权属核验/精装/,有,暂无数据,民水,民电,有,自采暖,2021-07-02 19:29:54,成都
高新西-中海国际-橙郡二期,89.00㎡,东南,2室2厅1卫,高楼层（17层）,2700 元/月,CD2796416796587204608,2021-06-29,103.985238,30.723716,整租,/权属核验/精装/,有,暂无数据,民水,民电,有,自采暖,2021-07-02 19:30:03,成都
高新西-中海国际-橙郡二期,83.37㎡,西南,2室1厅1卫,中楼层（17层）,2200 元/月,CD2796383054158381056,2021-06-30,103.985238,30.723716,整租,/权属核验/精装/,有,暂无数据,民水,民电,有,自采暖,2021-07-02 19:30:07,成都
高新西-中海国际-橙郡二期,79.90㎡,南,2室2厅1卫,中楼层（17层）,2300 元/月,CD2797188654697816064,2021-06-30,103.985238,30.723716,整租,//权属核验/精装/随时看房/,有,暂无数据,民水,民电,有,自采暖,2021-07-02 19:30:14,成都
高新西-高新西-中房学府海棠一期,84.95㎡,西南,2室1厅1卫,中楼层（27层）,2200 元/月,CD2796965987655106560,2021-06-27,103.934099,30.763566,整租,/权属核验/精装/,有,租用车位,民水,民电,有,自采暖,2021-07-02 19:30:16,成都
高新西-中海国际-保利香槟国际,45.74㎡,东南,1室1厅1卫,低楼层（6层）,1200 元/月,CD2820888183540293632,2021-07-01,103.982805,30.738955,整租,/权属核验/新上/近地铁/精装/随时看房/,有,暂无数据,商水,商电,无,暂无数据,2021-07-02 19:30:24,成都
高新西-中海国际-保利香槟国际,87.27㎡,西南,2室1厅1卫,低楼层（9层）,2500 元/月,CD2798496068445413376,2021-06-17,103.982805,30.738955,整租,/权属核验/近地铁/精装/随时看房/,有,暂无数据,民水,民电,无,暂无数据,2021-07-02 19:30:31,成都
高新西-中海国际-橙郡二期,45.87㎡,东南,1室1厅1卫,高楼层（17层）,1800 元/月,CD2800518507073380352,2021-06-27,103.985238,30.723716,整租,/权属核验/精装/,有,暂无数据,民水,民电,有,自采暖,2021-07-02 19:30:37,成都
高新西-中海国际-保利香槟国际,45.00㎡,东南,2室2厅2卫,中楼层（9层）,2200 元/月,CD2684617682396905472,2021-06-30,103.982805,30.738955,整租,/权属核验/近地铁/精装/双卫生间/随时看房/,有,暂无数据,商水,商电,有,暂无数据,2021-07-02 19:30:40,成都
高新西-中海国际-橙郡二期,79.90㎡,西南,2室1厅1卫,中楼层（17层）,2000 元/月,CD2785654633136128000,2021-06-30,103.985238,30.723716,整租,/权属核验/精装/,有,免费使用,民水,民电,有,自采暖,2021-07-02 19:30:44,成都
高新西-高新西-龙城高新天地,38.58㎡,东南,1室1厅1卫,中楼层（19层）,1100 元/月,CD2786042662778568704,2021-06-27,103.970359,30.753756,整租,/权属核验/精装/随时看房/,有,暂无数据,民水,民电,有,自采暖,2021-07-02 19:30:53,成都
高新西-中海国际-林庭叠院,121.24㎡,南,3室1厅2卫,中楼层（9层）,4000 元/月,CD2784894199957561344,2021-06-30,103.978178,30.731136,整租,/权属核验/精装/双卫生间/,有,暂无数据,民水,民电,有,自采暖,2021-07-02 19:30:55,成都
高新西-高新西-成都合院一期,39.30㎡,东南,1室0厅1卫,中楼层（18层）,1000 元/月,CD2802752282218217472,2021-07-01,103.923786,30.752979,整租,/权属核验/,有,租用车位,民水,民电,有,暂无数据,2021-07-02 19:31:00,成都
高新西-中海国际-保利香槟国际,45.21㎡,东南,2室0厅1卫,高楼层（9层）,2200 元/月,CD2694139293181681664,2021-06-23,103.982805,30.738955,整租,/权属核验/近地铁/精装/随时看房/,有,暂无数据,商水,商电,无,暂无数据,2021-07-02 19:31:07,成都
高新西-中海国际-保利香槟国际,51.43㎡,东北,1室0厅1卫,高楼层（9层）,1600 元/月,CD2804299484610166784,2021-06-26,103.982805,30.738955,整租,/权属核验/近地铁/精装/,有,暂无数据,商水,商电,无,暂无数据,2021-07-02 19:31:13,成都
高新西-中海国际-保利香槟国际,45.00㎡,东南,1室1厅1卫,低楼层（6层）,1500 元/月,CD2815186951752663040,2021-06-30,103.982805,30.738955,整租,/权属核验/近地铁/精装/,有,暂无数据,商水,商电,无,暂无数据,2021-07-02 19:31:18,成都
高新西-中海国际-保利香槟国际,45.00㎡,东南,1室1厅1卫,低楼层（9层）,1200 元/月,CD2815212392848834560,2021-06-25,103.982805,30.738955,整租,/权属核验/近地铁/精装/,有,暂无数据,商水,商电,无,暂无数据,2021-07-02 19:31:26,成都
高新西-中海国际-橙郡三期,92.32㎡,西南,3室2厅2卫,低楼层（17层）,2800 元/月,CD2759959018645487616,2021-06-27,103.983218,30.72348,整租,/权属核验/精装/双卫生间/随时看房/,有,暂无数据,民水,民电,有,自采暖,2021-07-02 19:31:32,成都
高新西-中海国际-保利香槟国际,106.18㎡,西南,3室2厅2卫,高楼层（16层）,4200 元/月,CD2770803187894976512,2021-06-25,103.982805,30.738955,整租,//权属核验/近地铁/精装/双卫生间/随时看房/,有,暂无数据,民水,民电,有,暂无数据,2021-07-02 19:31:34,成都
高新西-中海国际-保利香槟国际,45.00㎡,西南,1室1厅1卫,高楼层（9层）,1300 元/月,CD2770136159911944192,2021-06-30,103.982805,30.738955,整租,/权属核验/近地铁/,有,暂无数据,商水,商电,无,暂无数据,2021-07-02 19:31:40,成都
高新西-中海国际-保利香槟国际,45.00㎡,东南,1室1厅1卫,中楼层（9层）,1300 元/月,CD2809446796311396352,2021-06-30,103.982805,30.738955,整租,/权属核验/近地铁/精装/,有,暂无数据,商水,商电,无,暂无数据,2021-07-02 19:31:43,成都
高新西-高新西-龙城高新天地,38.57㎡,东南,1室1厅1卫,中楼层（15层）,1100 元/月,CD2807088569741475840,2021-06-23,103.970359,30.753756,整租,/权属核验/精装/,有,暂无数据,暂无数据,暂无数据,有,暂无数据,2021-07-02 19:31:46,成都
高新西-中海国际-橙郡三期,84.55㎡,东北,2室2厅1卫,中楼层（17层）,2500 元/月,CD2807246637204766720,2021-06-30,103.983218,30.72348,整租,//权属核验/精装/随时看房/,有,租用车位,民水,民电,有,自采暖,2021-07-02 19:31:48,成都
高新西-中海国际-保利香槟国际,42.85㎡,西南,2室1厅2卫,高楼层（6层）,2300 元/月,CD2815235920855572480,2021-06-26,103.982805,30.738955,整租,/权属核验/近地铁/精装/双卫生间/随时看房/,有,暂无数据,商水,商电,无,暂无数据,2021-07-02 19:31:54,成都
高新西-中海国际-保利香槟国际,45.00㎡,东南,1室1厅1卫,中楼层（6层）,1300 元/月,CD2815202606136705024,2021-06-25,103.982805,30.738955,整租,/权属核验/近地铁/精装/,有,暂无数据,商水,商电,无,暂无数据,2021-07-02 19:31:59,成都
高新西-中海国际-保利香槟国际,45.00㎡,东南,1室1厅1卫,中楼层（9层）,1200 元/月,CD2815883443613999104,2021-07-01,103.982805,30.738955,整租,/权属核验/近地铁/随时看房/,有,暂无数据,商水,商电,有,暂无数据,2021-07-02 19:32:03,成都
高新西-中海国际-蓝岸B区,116.72㎡,东南,3室1厅2卫,中楼层（11层）,4000 元/月,CD2816625421234208768,2021-06-28,103.984263,30.727667,整租,/权属核验/精装/双卫生间/随时看房/,有,暂无数据,民水,民电,有,自采暖,2021-07-02 19:32:06,成都
高新西-高新西-龙城高新天地,43.00㎡,南,1室0厅1卫,中楼层（19层）,1100 元/月,CD2816600967703691264,2021-06-29,103.970359,30.753756,整租,/权属核验/,有,暂无数据,民水,民电,有,自采暖,2021-07-02 19:32:09,成都
高新西-高新西-时代睿城,74.00㎡,西北,3室1厅1卫,高楼层（28层）,1800 元/月,CD2816089056113868800,2021-06-30,103.939641,30.783812,整租,/权属核验/精装/,有,暂无数据,民水,民电,有,暂无数据,2021-07-02 19:32:14,成都
高新西-高新西-龙湖时代天街,42.00㎡,东南,2室1厅1卫,中楼层（30层）,2000 元/月,CD2808544756282966016,2021-06-27,103.928587,30.76087,整租,/权属核验/精装/随时看房/,无,暂无数据,暂无数据,暂无数据,有,暂无数据,2021-07-02 19:32:23,成都
高新西-中海国际-保利香槟国际,41.90㎡,东南,2室1厅1卫,高楼层（10层）,2000 元/月,CD2808685569612726272,2021-07-01,103.982805,30.738955,整租,/权属核验/近地铁/精装/随时看房/,有,暂无数据,商水,商电,无,暂无数据,2021-07-02 19:32:29,成都
高新西-中海国际-新希望皇冠国际,84.48㎡,东南,1室1厅1卫,中楼层（7层）,1800 元/月,CD2809246004543758336,2021-06-26,103.979553,30.734687,整租,/权属核验/精装/,有,暂无数据,民水,民电,无,自采暖,2021-07-02 19:32:32,成都
高新西-高新西-龙湖时代天街,29.92㎡,东南,1室0厅1卫,中楼层（25层）,1000 元/月,CD2809577612601458688,2021-06-27,103.928587,30.76087,整租,/权属核验/精装/,有,暂无数据,商水,商电,无,暂无数据,2021-07-02 19:32:38,成都
高新西-高新西-龙湖时代天街,48.87㎡,西南,1室0厅1卫,低楼层（30层）,1350 元/月,CD2810361047914127360,2021-06-27,103.928587,30.76087,整租,/权属核验/精装/,有,免费使用,商水,商电,无,暂无数据,2021-07-02 19:32:43,成都
高新西-中海国际-保利香槟国际,45.00㎡,东南,1室1厅1卫,低楼层（9层）,1200 元/月,CD2812383883490754560,2021-06-25,103.982805,30.738955,整租,/权属核验/近地铁/,有,暂无数据,暂无数据,暂无数据,无,暂无数据,2021-07-02 19:32:50,成都
高新西-中海国际-保利香槟国际,45.54㎡,西南,2室1厅1卫,中楼层（9层）,1800 元/月,CD2813013505337196544,2021-06-28,103.982805,30.738955,整租,/权属核验/近地铁/随时看房/,有,暂无数据,商水,商电,无,暂无数据,2021-07-02 19:32:57,成都
高新西-高新西-芙华金色海伦,88.00㎡,东,3室1厅1卫,中楼层（10层）,2300 元/月,CD2728327045121064960,2021-06-19,103.971807,30.749197,整租,/权属核验/精装/随时看房/,有,暂无数据,民水,民电,有,自采暖,2021-07-02 19:33:00,成都
高新西-中海国际-保利香槟国际,45.21㎡,东南,2室2厅1卫,中楼层（9层）,3300 元/月,CD2734838481695555584,2021-06-30,103.982805,30.738955,整租,/权属核验/近地铁/精装/随时看房/,有,租用车位,商水,商电,无,暂无数据,2021-07-02 19:33:06,成都
高新西-中海国际-橙郡三期,89.62㎡,西南,2室1厅1卫,高楼层（17层）,2500 元/月,CD2809995512978350080,2021-06-30,103.983218,30.72348,整租,/权属核验/精装/,有,暂无数据,民水,民电,有,自采暖,2021-07-02 19:33:15,成都
高新西-中海国际-保利香槟国际,45.00㎡,东南,1室1厅1卫,中楼层（9层）,1300 元/月,CD2809440306431262720,2021-06-30,103.982805,30.738955,整租,/权属核验/近地铁/精装/,有,暂无数据,商水,商电,无,暂无数据,2021-07-02 19:33:24,成都
高新西-中海国际-保利香槟国际,44.66㎡,东南,1室1厅1卫,低楼层（9层）,1500 元/月,CD2798534444532121600,2021-06-28,103.982805,30.738955,整租,/权属核验/近地铁/精装/,有,暂无数据,民水,民电,无,暂无数据,2021-07-02 19:33:29,成都
高新西-中海国际-保利香槟国际,45.21㎡,东南,3室1厅1卫,低楼层（16层）,4300 元/月,CD2740531396153458688,2021-06-23,103.982805,30.738955,整租,/权属核验/近地铁/精装/,有,暂无数据,民水,民电,有,暂无数据,2021-07-02 19:33:36,成都
高新西-中海国际-保利香槟国际,124.48㎡,东南,1室1厅1卫,高楼层（6层）,2400 元/月,CD2816002888206123008,2021-06-26,103.982805,30.738955,整租,/权属核验/近地铁/随时看房/,有,暂无数据,商水,商电,无,暂无数据,2021-07-02 19:33:42,成都
高新西-中海国际-保利香槟国际,83.24㎡,西南,2室1厅1卫,中楼层（16层）,3200 元/月,CD2767285486325071872,2021-06-23,103.982805,30.738955,整租,/权属核验/近地铁/精装/随时看房/,有,暂无数据,民水,民电,有,暂无数据,2021-07-02 19:33:50,成都
高新西-高新西-龙城高新天地,38.48㎡,东南,1室1厅1卫,低楼层（19层）,1100 元/月,CD2746314342554411008,2021-06-01,103.970359,30.753756,整租,/权属核验/精装/随时看房/,有,暂无数据,民水,民电,有,自采暖,2021-07-02 19:33:55,成都
高新西-中海国际-碧林,174.77㎡,西南,3室2厅2卫,高楼层（6层）,6000 元/月,CD2752050332556337152,2021-06-30,103.980672,30.731089,整租,/权属核验/精装/双卫生间/随时看房/,无,暂无数据,民水,民电,有,自采暖,2021-07-02 19:34:02,成都
高新西-中海国际-橙郡二期,89.07㎡,东,3室2厅1卫,高楼层（17层）,2600 元/月,CD2813795739208531968,2021-06-30,103.985238,30.723716,整租,//权属核验/精装/随时看房/,有,暂无数据,民水,民电,有,自采暖,2021-07-02 19:34:11,成都
高新西-高新西-龙湖时代天街,87.00㎡,东南,2室1厅1卫,中楼层（30层）,2200 元/月,CD2755109260483903488,2021-06-27,103.928587,30.76087,整租,/权属核验/精装/,有,暂无数据,商水,商电,有,暂无数据,2021-07-02 19:34:18,成都
高新西-高新西-金辉悦府,46.52㎡,东南,2室1厅1卫,高楼层（11层）,2300 元/月,CD2814552808270077952,2021-06-27,103.968904,30.750963,整租,/权属核验/精装/随时看房/,有,暂无数据,商水,商电,有,暂无数据,2021-07-02 19:34:22,成都
高新西-中海国际-橙郡一期,130.23㎡,西南,4室1厅2卫,低楼层（17层）,4300 元/月,CD2755209471952699392,2021-06-27,103.98703,30.724793,整租,/权属核验/精装/双卫生间/,有,租用车位,民水,民电,有,自采暖,2021-07-02 19:34:29,成都
高新西-高新西-金辉悦府,46.82㎡,东南,2室1厅1卫,中楼层（10层）,2000 元/月,CD2761571275087282176,2021-06-28,103.968904,30.750963,整租,/权属核验/精装/随时看房/,有,暂无数据,商水,商电,有,暂无数据,2021-07-02 19:34:31,成都
高新西-中海国际-橙郡二期,88.00㎡,东南,3室1厅1卫,低楼层（17层）,2000 元/月,CD2760205483036901376,2021-06-20,103.985238,30.723716,整租,/权属核验/,有,暂无数据,民水,民电,有,自采暖,2021-07-02 19:34:37,成都
高新西-中海国际-保利香槟国际,45.00㎡,西南,2室1厅1卫,低楼层（6层）,1800 元/月,CD2770307660607143936,2021-06-30,103.982805,30.738955,整租,/权属核验/近地铁/,有,暂无数据,商水,商电,无,暂无数据,2021-07-02 19:34:44,成都
高新西-中海国际-保利香槟国际,45.21㎡,东南,1室1厅1卫,高楼层（6层）,2000 元/月,CD2769501562589159424,2021-06-27,103.982805,30.738955,整租,/权属核验/近地铁/随时看房/,有,暂无数据,商水,商电,无,暂无数据,2021-07-02 19:34:53,成都
高新西-中海国际-保利香槟国际,83.58㎡,东东南,2室2厅1卫,中楼层（16层）,3500 元/月,CD2796915042623700992,2021-06-29,103.982805,30.738955,整租,/权属核验/近地铁/精装/,有,租用车位,民水,民电,有,暂无数据,2021-07-02 19:34:56,成都
高新西-中海国际-保利香槟国际,85.96㎡,东南南,2室2厅1卫,高楼层（16层）,3200 元/月,CD2820274635785388032,2021-07-01,103.982805,30.738955,整租,/权属核验/新上/近地铁/精装/,有,暂无数据,民水,民电,有,暂无数据,2021-07-02 19:34:59,成都
高新西-高新西-龙城高新天地,38.49㎡,南,1室0厅1卫,低楼层（19层）,1200 元/月,CD2744266025389531136,2021-06-24,103.970359,30.753756,整租,/权属核验/精装/,有,租用车位,民水,民电,有,自采暖,2021-07-02 19:35:08,成都
高新西-中海国际-橙郡三期,83.97㎡,东北,2室1厅1卫,高楼层（17层）,2500 元/月,CD2746288264083415040,2021-06-27,103.983218,30.72348,整租,/权属核验/精装/,有,暂无数据,民水,民电,有,自采暖,2021-07-02 19:35:15,成都
高新西-中海国际-碧林,84.03㎡,西南,3室1厅2卫,中楼层（6层）,4000 元/月,CD2748489459862609920,2021-06-30,103.980672,30.731089,整租,/权属核验/近地铁/精装/双卫生间/随时看房/,无,暂无数据,民水,民电,有,自采暖,2021-07-02 19:35:20,成都
高新西-中海国际-保利香槟国际,46.65㎡,东南,1室0厅1卫,高楼层（6层）,1300 元/月,CD2685535656981577728,2021-06-30,103.982805,30.738955,整租,/权属核验/近地铁/,有,暂无数据,商水,商电,无,暂无数据,2021-07-02 19:35:25,成都
高新西-中海国际-橙郡三期,92.01㎡,东北,3室2厅1卫,高楼层（17层）,2500 元/月,CD2726794034373722112,2021-06-27,103.983218,30.72348,整租,/权属核验/精装/随时看房/,有,暂无数据,民水,民电,有,自采暖,2021-07-02 19:35:33,成都
高新西-高新西-龙湖时代天街,108.63㎡,东南西北,3室2厅2卫,低楼层（29层）,3000 元/月,CD2814363839188451328,2021-06-29,103.928587,30.76087,整租,/权属核验/精装/双卫生间/,有,免费使用,民水,民电,有,暂无数据,2021-07-02 19:35:41,成都
高新西-中海国际-保利香槟国际,46.58㎡,东南,1室1厅1卫,高楼层（6层）,1300 元/月,CD2820207158384672768,2021-07-01,103.982805,30.738955,整租,/权属核验/新上/近地铁/精装/随时看房/,有,免费使用,商水,商电,无,暂无数据,2021-07-02 19:35:48,成都
高新西-高新西-万景峰一期,86.00㎡,南西南,3室1厅2卫,中楼层（33层）,1800 元/月,CD2785547742213046272,2021-06-30,103.940409,30.779208,整租,/权属核验/近地铁/双卫生间/,有,租用车位,民水,民电,有,自采暖,2021-07-02 19:35:52,成都
高新西-中海国际-保利香槟国际,46.65㎡,东南,1室1厅1卫,中楼层（9层）,1300 元/月,CD2789710425758113792,2021-06-19,103.982805,30.738955,整租,/权属核验/近地铁/精装/随时看房/,有,暂无数据,商水,商电,无,暂无数据,2021-07-02 19:35:59,成都
高新西-中海国际-新希望皇冠国际,105.62㎡,西南,1室1厅1卫,中楼层（7层）,1600 元/月,CD2802039264051724288,2021-06-17,103.979553,30.734687,整租,/权属核验/精装/随时看房/,有,暂无数据,民水,民电,无,自采暖,2021-07-02 19:36:03,成都
高新西-中海国际-碧林,150.03㎡,南,3室0厅0卫,中楼层（6层）,2200 元/月,CD2336077649866129408,2021-06-28,103.980672,30.731089,整租,/权属核验/近地铁/随时看房/,无,暂无数据,民水,民电,有,自采暖,2021-07-02 19:36:09,成都
高新西-中海国际-保利香槟国际,42.22㎡,东南,1室1厅1卫,低楼层（9层）,1200 元/月,CD2640621838954135552,2021-07-01,103.982805,30.738955,整租,/权属核验/近地铁/精装/随时看房/,有,暂无数据,民水,民电,无,暂无数据,2021-07-02 19:36:17,成都
高新西-中海国际-碧林,165.00㎡,南,4室2厅2卫,高楼层（6层）,1800 元/月,CD2778055342246854656,2021-06-27,103.980672,30.731089,整租,/权属核验/双卫生间/随时看房/,无,暂无数据,民水,民电,有,自采暖,2021-07-02 19:36:21,成都
高新西-中海国际-保利香槟国际,46.70㎡,东南,1室1厅1卫,高楼层（9层）,1300 元/月,CD2789112670018871296,2021-06-20,103.982805,30.738955,整租,/权属核验/近地铁/精装/随时看房/,有,免费使用,商水,商电,无,暂无数据,2021-07-02 19:36:26,成都
高新西-中海国际-保利香槟国际,45.00㎡,东,1室1厅1卫,高楼层（6层）,1300 元/月,CD2792085756313600000,2021-06-25,103.982805,30.738955,整租,/权属核验/近地铁/精装/,有,暂无数据,民水,民电,无,暂无数据,2021-07-02 19:36:30,成都
高新西-中海国际-保利香槟国际,113.65㎡,西南,1室1厅1卫,低楼层（6层）,1400 元/月,CD2810153249930215424,2021-06-26,103.982805,30.738955,整租,/权属核验/近地铁/精装/,有,暂无数据,商水,商电,无,暂无数据,2021-07-02 19:36:35,成都
高新西-中海国际-保利香槟国际,45.00㎡,西北,1室1厅1卫,高楼层（9层）,1150 元/月,CD2817349952882352128,2021-06-28,103.982805,30.738955,整租,/权属核验/新上/近地铁/精装/随时看房/,有,暂无数据,商水,商电,有,暂无数据,2021-07-02 19:36:39,成都
高新西-中海国际-保利香槟国际,44.47㎡,东北,1室0厅1卫,高楼层（9层）,1300 元/月,CD2817409110948192256,2021-06-26,103.982805,30.738955,整租,/权属核验/新上/近地铁/精装/,有,暂无数据,商水,商电,无,暂无数据,2021-07-02 19:36:45,成都
高新西-中海国际-橙郡三期,125.34㎡,南西南,2室1厅1卫,高楼层（17层）,2300 元/月,CD2657243629013172224,2021-06-30,103.983218,30.72348,整租,/权属核验/精装/随时看房/,有,暂无数据,民水,民电,有,自采暖,2021-07-02 19:36:49,成都
高新西-中海国际-保利香槟国际,45.21㎡,东,1室1厅1卫,低楼层（6层）,2000 元/月,CD2754241808052789248,2021-06-26,103.982805,30.738955,整租,/权属核验/月租/近地铁/精装/随时看房/,有,暂无数据,商水,商电,无,暂无数据,2021-07-02 19:36:57,成都
高新西-中海国际-保利香槟国际,46.40㎡,东南,1室1厅1卫,高楼层（6层）,1300 元/月,CD2804448464787226624,2021-06-30,103.982805,30.738955,整租,/权属核验/近地铁/精装/随时看房/,有,暂无数据,民水,民电,无,暂无数据,2021-07-02 19:37:00,成都
高新西-中海国际-保利香槟国际,45.00㎡,西北,1室1厅1卫,中楼层（9层）,1400 元/月,CD2816771171881074688,2021-06-29,103.982805,30.738955,整租,/权属核验/近地铁/精装/随时看房/,有,暂无数据,商水,商电,无,暂无数据,2021-07-02 19:37:09,成都
高新西-中海国际-新希望皇冠国际,116.57㎡,东南,3室2厅2卫,中楼层（10层）,5000 元/月,CD2817452959519490048,2021-06-27,103.979553,30.734687,整租,/权属核验/新上/精装/双卫生间/,无,租用车位,民水,民电,有,自采暖,2021-07-02 19:37:15,成都
高新西-中海国际-保利香槟国际,122.41㎡,东南,1室1厅1卫,低楼层（10层）,1200 元/月,CD2817942086685294592,2021-06-29,103.982805,30.738955,整租,/权属核验/新上/近地铁/随时看房/,有,暂无数据,商水,商电,无,暂无数据,2021-07-02 19:37:24,成都
高新西-高新西-上锦颐园佳境,87.02㎡,东南,2室1厅1卫,高楼层（26层）,1750 元/月,CD2794765035488935936,2021-06-24,103.936709,30.784917,整租,/权属核验/近地铁/精装/,有,暂无数据,民水,民电,有,自采暖,2021-07-02 19:37:27,成都
高新西-高新西-恒大帝景,89.17㎡,东,1室0厅1卫,高楼层（32层）,950 元/月,CD2802068581582372864,2021-07-01,103.93113,30.798078,整租,/权属核验/精装/,有,暂无数据,民水,民电,无,自采暖,2021-07-02 19:37:32,成都
高新西-高新西-上锦颐园,89.73㎡,南,2室1厅1卫,中楼层（27层）,1600 元/月,CD2802119490165547008,2021-06-30,103.933645,30.783262,整租,//权属核验/近地铁/精装/,有,暂无数据,民水,民电,有,自采暖,2021-07-02 19:37:40,成都
高新西-高新西-上锦颐园,89.02㎡,东南,3室1厅1卫,低楼层（27层）,1600 元/月,CD2809639707032690688,2021-06-30,103.933645,30.783262,整租,/权属核验/近地铁/精装/,有,暂无数据,民水,民电,有,自采暖,2021-07-02 19:37:45,成都
高新西-高新西-龙湖时代天街,91.18㎡,西南,3室1厅1卫,中楼层（29层）,2780 元/月,CD2816654863285895168,2021-06-27,103.928587,30.76087,整租,/权属核验/精装/,有,免费使用,民水,民电,有,暂无数据,2021-07-02 19:37:51,成都
高新西-高新西-万景峰二期,79.87㎡,东南,1室1厅1卫,高楼层（17层）,800 元/月,CD2816826022228393984,2021-06-27,103.937545,30.78048,整租,/权属核验/新上/近地铁/精装/,有,暂无数据,民水,民电,有,自采暖,2021-07-02 19:37:56,成都
高新西-高新西-龙城高新天地,36.75㎡,东南,1室1厅1卫,高楼层（19层）,1200 元/月,CD2817487516775751680,2021-06-27,103.970359,30.753756,整租,/权属核验/业主自荐/新上/,有,租用车位,民水,民电,有,自采暖,2021-07-02 19:38:02,成都
高新西-高新西-上锦颐园,64.00㎡,东南,1室1厅1卫,低楼层（25层）,1150 元/月,CD2819539277355433984,2021-06-30,103.933645,30.783262,整租,/权属核验/新上/近地铁/精装/,有,暂无数据,民水,民电,有,暂无数据,2021-07-02 19:38:05,成都
高新西-高新西-时代睿城,85.00㎡,西南,3室1厅1卫,中楼层（28层）,1750 元/月,CD2552097150888574976,2021-06-29,103.939641,30.783812,整租,/权属核验/新上/随时看房/,有,暂无数据,民水,民电,有,暂无数据,2021-07-02 19:38:14,成都
高新西-高新西-上锦颐园,89.72㎡,东南,2室1厅1卫,高楼层（27层）,1600 元/月,CD2782651943217545216,2021-06-29,103.933645,30.783262,整租,/权属核验/近地铁/精装/,有,暂无数据,民水,民电,有,自采暖,2021-07-02 19:38:17,成都
高新西-高新西-万景峰二期,80.80㎡,东,3室2厅1卫,高楼层（33层）,1400 元/月,CD2794833835857289216,2021-06-30,103.937545,30.78048,整租,//权属核验/近地铁/随时看房/,有,暂无数据,民水,民电,有,自采暖,2021-07-02 19:38:22,成都
高新西-高新西-芙华金色海伦,110.00㎡,东南,4室2厅1卫,高楼层（10层）,1800 元/月,CD2624515542815342592,2021-06-30,103.971807,30.749197,整租,/权属核验/,有,暂无数据,民水,民电,有,自采暖,2021-07-02 19:38:26,成都
高新西-高新西-芙华金色海伦,131.00㎡,东南,4室1厅2卫,低楼层（10层）,2200 元/月,CD2751387259013177344,2021-06-19,103.971807,30.749197,整租,/权属核验/精装/双卫生间/,有,租用车位,民水,民电,有,自采暖,2021-07-02 19:38:29,成都
高新西-高新西-金辉悦府,117.29㎡,东南,2室1厅1卫,中楼层（18层）,2000 元/月,CD2790553365803696128,2021-06-26,103.968904,30.750963,整租,/权属核验/,有,暂无数据,民水,民电,有,暂无数据,2021-07-02 19:38:36,成都
高新西-高新西-上锦颐园佳境,88.40㎡,东南,2室1厅1卫,高楼层（26层）,1400 元/月,CD2808695164267405312,2021-06-27,103.936709,30.784917,整租,/权属核验/近地铁/,有,暂无数据,民水,民电,有,自采暖,2021-07-02 19:38:41,成都
高新西-高新西-恒大帝景,108.28㎡,东南,3室2厅2卫,低楼层（29层）,2300 元/月,CD2818043995815952384,2021-06-28,103.93113,30.798078,整租,//权属核验/新上/精装/双卫生间/随时看房/,有,租用车位,民水,民电,有,自采暖,2021-07-02 19:38:47,成都
高新西-高新西-上锦颐园佳境,91.30㎡,东南,3室1厅1卫,低楼层（26层）,1000 元/月,CD2820269832853782528,2021-07-01,103.936709,30.784917,整租,//权属核验/新上/近地铁/随时看房/,有,暂无数据,民水,民电,有,自采暖,2021-07-02 19:38:50,成都
高新西-中海国际-保利香槟国际,44.95㎡,东南,1室1厅1卫,中楼层（6层）,2300 元/月,CD2794124797884235776,2021-07-02,103.982805,30.738955,整租,/权属核验/近地铁/精装/,有,暂无数据,商水,商电,无,暂无数据,2021-07-02 19:38:56,成都
高新西-高新西-万景峰一期,85.72㎡,南,4室1厅1卫,低楼层（33层）,2200 元/月,CD2799394202461675520,2021-07-02,103.940409,30.779208,整租,//权属核验/近地铁/精装/,有,暂无数据,民水,民电,有,自采暖,2021-07-02 19:39:03,成都
高新西-中海国际-碧林,123.80㎡,南,3室2厅2卫,中楼层（6层）,4000 元/月,CD2749369987096379392,2021-07-02,103.980672,30.731089,整租,/权属核验/精装/双卫生间/随时看房/,无,暂无数据,民水,民电,有,自采暖,2021-07-02 19:39:07,成都
高新西-中海国际-碧林,140.45㎡,南,3室2厅2卫,低楼层（6层）,3500 元/月,CD2800848242676875264,2021-07-02,103.980672,30.731089,整租,/权属核验/精装/双卫生间/随时看房/,无,暂无数据,民水,民电,有,自采暖,2021-07-02 19:39:11,成都
高新西-高新西-龙城高新天地,44.82㎡,西南,1室1厅1卫,高楼层（15层）,1300 元/月,CD2805827040002457600,2021-07-02,103.970359,30.753756,整租,/权属核验/精装/,有,暂无数据,民水,民电,有,暂无数据,2021-07-02 19:39:20,成都
高新西-中海国际-碧林,142.19㎡,南,3室2厅2卫,中楼层（6层）,4500 元/月,CD2805626642045870080,2021-07-02,103.980672,30.731089,整租,/权属核验/精装/双卫生间/随时看房/,无,暂无数据,民水,民电,有,自采暖,2021-07-02 19:39:27,成都
高新西-中海国际-橙郡三期,84.01㎡,东南,3室1厅1卫,中楼层（17层）,2600 元/月,CD2369330768225763328,2021-07-02,103.983218,30.72348,整租,/权属核验/精装/,有,暂无数据,民水,民电,有,自采暖,2021-07-02 19:39:35,成都
高新西-高新西-金辉悦府,46.52㎡,南,1室1厅2卫,中楼层（11层）,2000 元/月,CD2812331360771899392,2021-07-02,103.968904,30.750963,整租,/权属核验/精装/双卫生间/随时看房/,有,暂无数据,商水,商电,有,暂无数据,2021-07-02 19:39:44,成都
高新西-中海国际-保利香槟国际,45.00㎡,东南,2室2厅1卫,低楼层（9层）,2500 元/月,CD2797161188591403008,2021-07-02,103.982805,30.738955,整租,/权属核验/近地铁/精装/,有,暂无数据,民水,民电,无,暂无数据,2021-07-02 19:39:52,成都
高新西-中海国际-橙郡二期,85.00㎡,西南,2室1厅1卫,低楼层（17层）,1800 元/月,CD2801455140295409664,2021-07-02,103.985238,30.723716,整租,/权属核验/,有,暂无数据,民水,民电,有,自采暖,2021-07-02 19:40:00,成都
高新西-中海国际-橙郡二期,82.00㎡,南,3室2厅1卫,中楼层（17层）,3000 元/月,CD2799972180346281984,2021-07-02,103.985238,30.723716,整租,/权属核验/精装/,有,暂无数据,民水,民电,有,自采暖,2021-07-02 19:40:07,成都
高新西-中海国际-保利香槟国际,44.95㎡,东南,2室1厅1卫,中楼层（9层）,2500 元/月,CD2770167270817931264,2021-07-02,103.982805,30.738955,整租,/权属核验/近地铁/随时看房/,有,租用车位,商水,商电,无,暂无数据,2021-07-02 19:40:14,成都
高新西-中海国际-保利香槟国际,45.00㎡,东南,1室0厅1卫,中楼层（9层）,1350 元/月,CD2755789891450716160,2021-07-02,103.982805,30.738955,整租,/权属核验/近地铁/精装/,有,租用车位,商水,商电,无,暂无数据,2021-07-02 19:40:21,成都
高新西-中海国际-保利香槟国际,45.92㎡,东南,1室0厅1卫,高楼层（9层）,1200 元/月,CD2765340079966142464,2021-07-02,103.982805,30.738955,整租,/权属核验/近地铁/精装/,有,暂无数据,商水,商电,无,暂无数据,2021-07-02 19:40:27,成都
高新西-高新西-成都合院公园里,63.00㎡,东南,2室1厅1卫,高楼层（18层）,1900 元/月,CD2816090427977891840,2021-07-02,103.927521,30.750266,整租,//权属核验/随时看房/,有,租用车位,民水,民电,有,自采暖,2021-07-02 19:40:36,成都
高新西-中海国际-保利香槟国际,44.43㎡,东南,2室2厅2卫,低楼层（9层）,2800 元/月,CD2803679948311625728,2021-07-02,103.982805,30.738955,整租,/权属核验/业主自荐/近地铁/精装/双卫生间/,有,暂无数据,民水,民电,无,暂无数据,2021-07-02 19:40:38,成都
高新西-中海国际-保利香槟国际,45.21㎡,西南,1室1厅1卫,中楼层（9层）,1500 元/月,CD2742744156701982720,2021-07-02,103.982805,30.738955,整租,/权属核验/近地铁/精装/随时看房/,有,暂无数据,商水,商电,无,暂无数据,2021-07-02 19:40:44,成都
高新西-中海国际-保利香槟国际,41.00㎡,东南,2室1厅1卫,高楼层（9层）,2200 元/月,CD2736311789091291136,2021-07-02,103.982805,30.738955,整租,/权属核验/近地铁/,有,租用车位,商水,商电,无,暂无数据,2021-07-02 19:40:49,成都
高新西-中海国际-保利香槟国际,78.00㎡,东南,2室1厅1卫,中楼层（16层）,2600 元/月,CD2787673935398322176,2021-07-02,103.982805,30.738955,整租,//权属核验/近地铁/精装/随时看房/,有,租用车位,民水,民电,有,暂无数据,2021-07-02 19:40:55,成都
高新西-中海国际-保利香槟国际,45.00㎡,东南,2室1厅1卫,高楼层（9层）,2300 元/月,CD2760872904068972544,2021-07-02,103.982805,30.738955,整租,/权属核验/近地铁/精装/,有,租用车位,商水,商电,有,暂无数据,2021-07-02 19:40:58,成都
高新西-中海国际-保利香槟国际,82.00㎡,东南,1室0厅1卫,低楼层（9层）,1300 元/月,CD2744218473642065920,2021-07-02,103.982805,30.738955,整租,/权属核验/近地铁/精装/,有,租用车位,商水,商电,有,暂无数据,2021-07-02 19:41:06,成都
高新西-中海国际-保利香槟国际,46.70㎡,东南,1室0厅1卫,高楼层（6层）,1300 元/月,CD2744212866285707264,2021-07-02,103.982805,30.738955,整租,/权属核验/近地铁/精装/,有,暂无数据,商水,商电,无,暂无数据,2021-07-02 19:41:10,成都
高新西-中海国际-保利香槟国际,45.00㎡,东南,2室1厅1卫,高楼层（6层）,2000 元/月,CD2499104450673909760,2021-06-30,103.982805,30.738955,整租,/权属核验/近地铁/精装/随时看房/,有,暂无数据,商水,商电,无,暂无数据,2021-07-02 19:41:19,成都
高新西-中海国际-橙郡三期,92.30㎡,南,3室1厅1卫,高楼层（17层）,2300 元/月,CD2766520043050106880,2021-06-27,103.983218,30.72348,整租,/权属核验/,有,暂无数据,民水,民电,有,自采暖,2021-07-02 19:41:24,成都
高新西-中海国际-橙郡一期,69.29㎡,东南南,3室2厅2卫,高楼层（17层）,3400 元/月,CD2597851583312035840,2021-06-30,103.98703,30.724793,整租,/权属核验/精装/双卫生间/,有,租用车位,民水,民电,无,自采暖,2021-07-02 19:41:33,成都
高新西-中海国际-保利香槟国际,45.00㎡,东南,1室0厅0卫,中楼层（9层）,1200 元/月,CD2803491436333637632,2021-07-02,103.982805,30.738955,整租,/权属核验/近地铁/,有,暂无数据,商水,商电,无,暂无数据,2021-07-02 19:41:39,成都
高新西-中海国际-橙郡三期,121.82㎡,西南,2室1厅1卫,高楼层（17层）,2500 元/月,CD2818247164797386752,2021-07-01,103.983218,30.72348,整租,//权属核验/新上/精装/随时看房/,有,暂无数据,民水,民电,有,自采暖,2021-07-02 19:41:46,成都
高新西-中海国际-保利香槟国际,45.83㎡,东南,1室1厅1卫,低楼层（9层）,2300 元/月,CD2800114927258304512,2021-07-02,103.982805,30.738955,整租,/权属核验/近地铁/精装/随时看房/,有,暂无数据,商水,商电,无,暂无数据,2021-07-02 19:41:50,成都
高新西-中海国际-橙郡二期,45.87㎡,南,1室1厅1卫,高楼层（17层）,1900 元/月,CD2820353027343654912,2021-07-02,103.985238,30.723716,整租,//权属核验/新上/精装/随时看房/,有,暂无数据,民水,民电,有,自采暖,2021-07-02 19:41:54,成都
高新西-高新西-金辉悦府,98.68㎡,东南,3室2厅2卫,高楼层（18层）,2200 元/月,CD2787013845792079872,2021-07-02,103.968904,30.750963,整租,//权属核验/精装/双卫生间/随时看房/,有,暂无数据,民水,民电,有,暂无数据,2021-07-02 19:41:56,成都
高新西-中海国际-橙郡一期,110.86㎡,东南南,3室2厅2卫,中楼层（17层）,3000 元/月,CD2778081136671195136,2021-06-30,103.98703,30.724793,整租,//权属核验/精装/双卫生间/随时看房/,有,暂无数据,民水,民电,有,自采暖,2021-07-02 19:42:04,成都
高新西-中海国际-橙郡三期,82.94㎡,西南,2室2厅1卫,高楼层（17层）,2000 元/月,CD2573193524598284288,2021-07-01,103.983218,30.72348,整租,//权属核验/精装/随时看房/,有,租用车位,民水,民电,有,自采暖,2021-07-02 19:42:10,成都
高新西-中海国际-橙郡三期,80.23㎡,南,2室2厅1卫,高楼层（17层）,2000 元/月,CD2699297057340407808,2021-06-27,103.983218,30.72348,整租,//权属核验/精装/随时看房/,有,暂无数据,民水,民电,有,自采暖,2021-07-02 19:42:18,成都
高新西-中海国际-保利香槟国际,84.58㎡,西北,2室1厅1卫,中楼层（16层）,3200 元/月,CD2818991615312666624,2021-07-02,103.982805,30.738955,整租,//权属核验/业主自荐/新上/近地铁/精装/随时看房/,有,暂无数据,民水,民电,有,暂无数据,2021-07-02 19:42:26,成都
高新西-高新西-恒大帝景,31.74㎡,东南,1室1厅1卫,低楼层（29层）,1200 元/月,CD2820328782294941696,2021-06-30,103.93113,30.798078,整租,//权属核验/新上/精装/,有,暂无数据,民水,民电,有,自采暖,2021-07-02 19:42:33,成都
高新西-中海国际-橙郡三期,84.05㎡,东北,2室2厅1卫,中楼层（17层）,2400 元/月,CD2785386427100168192,2021-06-27,103.983218,30.72348,整租,//权属核验/精装/随时看房/,有,暂无数据,民水,民电,有,自采暖,2021-07-02 19:42:37,成都
高新西-中海国际-蓝岸B区,136.28㎡,东南,3室2厅2卫,低楼层（6层）,4000 元/月,CD2780229525760647168,2021-06-28,103.984263,30.727667,整租,//权属核验/精装/双卫生间/随时看房/,有,暂无数据,民水,民电,有,自采暖,2021-07-02 19:42:44,成都
高新西-中海国际-橙郡三期,84.55㎡,东南,2室2厅1卫,中楼层（17层）,2600 元/月,CD2814331956219609088,2021-07-01,103.983218,30.72348,整租,//权属核验/精装/随时看房/,有,暂无数据,民水,民电,有,自采暖,2021-07-02 19:42:51,成都
高新西-中海国际-保利香槟国际,83.24㎡,东南,2室1厅1卫,中楼层（16层）,3500 元/月,CD2809519063129399296,2021-07-01,103.982805,30.738955,整租,//权属核验/近地铁/精装/随时看房/,有,暂无数据,民水,民电,有,暂无数据,2021-07-02 19:42:56,成都
高新西-高新西-缤纷年华,69.89㎡,东南,3室1厅1卫,低楼层（32层）,1800 元/月,CD2810073991148994560,2021-06-27,103.93925,30.784847,整租,/权属核验/近地铁/精装/,有,暂无数据,民水,民电,有,暂无数据,2021-07-02 19:43:04,成都
高新西-中海国际-保利香槟国际,114.27㎡,东东南,3室2厅2卫,低楼层（16层）,4500 元/月,CD2812128614752198656,2021-06-29,103.982805,30.738955,整租,/权属核验/近地铁/精装/双卫生间/,有,暂无数据,民水,民电,有,暂无数据,2021-07-02 19:43:12,成都
高新西-中海国际-保利香槟国际,42.17㎡,西西北,2室1厅2卫,高楼层（6层）,2300 元/月,CD2817994997209767936,2021-06-29,103.982805,30.738955,整租,/权属核验/新上/近地铁/精装/双卫生间/,有,暂无数据,商水,商电,无,暂无数据,2021-07-02 19:43:20,成都
高新西-中海国际-保利香槟国际,83.24㎡,东南南,2室1厅1卫,中楼层（16层）,3100 元/月,CD2805831943294558208,2021-06-29,103.982805,30.738955,整租,/权属核验/近地铁/精装/,有,暂无数据,民水,民电,有,暂无数据,2021-07-02 19:43:27,成都
高新西-中海国际-保利香槟国际,46.65㎡,南西南,1室1厅1卫,中楼层（9层）,1150 元/月,CD2816601190245072896,2021-06-29,103.982805,30.738955,整租,/权属核验/近地铁/精装/,有,暂无数据,商水,商电,无,暂无数据,2021-07-02 19:43:31,成都
高新西-中海国际-保利香槟国际,85.00㎡,东南南,2室2厅1卫,低楼层（16层）,3600 元/月,CD2810101935859318784,2021-06-29,103.982805,30.738955,整租,/权属核验/近地铁/精装/,有,暂无数据,民水,民电,有,暂无数据,2021-07-02 19:43:34,成都
高新西-高新西-龙城高新天地,38.04㎡,北,1室1厅1卫,低楼层（19层）,1000 元/月,CD2693439258668580864,2021-07-02,103.970359,30.753756,整租,/权属核验/精装/随时看房/,有,暂无数据,民水,民电,有,自采暖,2021-07-02 19:43:41,成都
高新西-中海国际-保利香槟国际,45.01㎡,东南,2室1厅1卫,高楼层（16层）,3600 元/月,CD2821069049394905088,2021-07-02,103.982805,30.738955,整租,/权属核验/新上/近地铁/精装/,有,暂无数据,民水,民电,有,暂无数据,2021-07-02 19:43:49,成都
高新西-中海国际-碧林,84.01㎡,东南,3室2厅2卫,低楼层（6层）,5800 元/月,CD2818868882184339456,2021-07-02,103.980672,30.731089,整租,/权属核验/新上/精装/双卫生间/随时看房/,无,暂无数据,民水,民电,有,自采暖,2021-07-02 19:43:55,成都
高新西-中海国际-保利香槟国际,44.15㎡,东东南,1室1厅1卫,中楼层（9层）,1200 元/月,CD2821127833689538560,2021-07-02,103.982805,30.738955,整租,/权属核验/新上/月租/近地铁/精装/随时看房/,有,暂无数据,商水,商电,无,暂无数据,2021-07-02 19:43:58,成都
高新西-中海国际-保利香槟国际,45.54㎡,东北,2室1厅1卫,中楼层（9层）,3000 元/月,CD2494179297959886848,2021-07-02,103.982805,30.738955,整租,/权属核验/近地铁/精装/随时看房/,有,暂无数据,商水,商电,无,暂无数据,2021-07-02 19:44:05,成都
高新西-中海国际-新希望皇冠国际,46.70㎡,西南,5室1厅3卫,中楼层（10层）,2000 元/月,CD2481856484129120256,2021-07-02,103.979553,30.734687,整租,/权属核验/近地铁/,有,暂无数据,民水,民电,有,自采暖,2021-07-02 19:44:13,成都
高新西-中海国际-保利香槟国际,84.58㎡,西西北,2室2厅1卫,中楼层（16层）,3300 元/月,CD2818028656331866112,2021-07-02,103.982805,30.738955,整租,/权属核验/新上/近地铁/精装/,有,暂无数据,民水,民电,有,暂无数据,2021-07-02 19:44:20,成都
高新西-中海国际-保利香槟国际,44.43㎡,西北,1室1厅1卫,中楼层（9层）,2600 元/月,CD2797786584568053760,2021-07-02,103.982805,30.738955,整租,/权属核验/近地铁/精装/随时看房/,有,暂无数据,民水,民电,无,暂无数据,2021-07-02 19:44:27,成都
高新西-中海国际-保利香槟国际,83.61㎡,西南,2室2厅1卫,中楼层（16层）,3400 元/月,CD2802143420347588608,2021-07-02,103.982805,30.738955,整租,//权属核验/近地铁/随时看房/,有,暂无数据,民水,民电,有,暂无数据,2021-07-02 19:44:36,成都
高新西-中海国际-橙郡三期,91.37㎡,东北,3室1厅2卫,低楼层（17层）,700 元/月,CD2818124320218554368,2021-06-29,103.983218,30.72348,合租,/权属核验/新上/随时看房/,有,暂无数据,民水,民电,有,自采暖,2021-07-02 19:44:41,成都
高新西-高新西-龙城高新天地,38.48㎡,东,1室0厅1卫,低楼层（19层）,1000 元/月,CD2793351952358965248,2021-07-02,103.970359,30.753756,整租,/权属核验/精装/随时看房/,有,暂无数据,民水,民电,有,自采暖,2021-07-02 19:44:47,成都
高新西-高新西-成都合院一期,86.90㎡,东南,2室2厅1卫,高楼层（18层）,3200 元/月,CD2802009212870467584,2021-07-02,103.923786,30.752979,整租,/权属核验/精装/,有,租用车位,民水,民电,有,暂无数据,2021-07-02 19:44:50,成都
高新西-中海国际-保利香槟国际,84.00㎡,西南,2室2厅1卫,高楼层（16层）,3500 元/月,CD2796362392790114304,2021-07-02,103.982805,30.738955,整租,/权属核验/近地铁/精装/随时看房/,有,暂无数据,民水,民电,有,暂无数据,2021-07-02 19:44:53,成都
高新西-高新西-龙湖时代天街,127.95㎡,东南,4室0厅2卫,高楼层（18层）,5000 元/月,CD2620094193338687488,2021-07-02,103.928587,30.76087,整租,/权属核验/双卫生间/随时看房/,有,暂无数据,民水,民电,无,暂无数据,2021-07-02 19:44:57,成都
高新西-高新西-龙湖时代天街,108.31㎡,东南南,1室0厅0卫,高楼层（28层）,1000 元/月,CD2820148169751666688,2021-07-02,103.928587,30.76087,合租,//权属核验/新上/,有,暂无数据,暂无数据,暂无数据,有,暂无数据,2021-07-02 19:45:03,成都
高新西-高新西-龙城高新天地,36.22㎡,西南,1室0厅1卫,中楼层（19层）,1200 元/月,CD2583998246552870912,2021-07-02,103.970359,30.753756,整租,/权属核验/精装/,有,暂无数据,民水,民电,有,自采暖,2021-07-02 19:45:10,成都
高新西-高新西-龙城高新天地,36.33㎡,东南,1室1厅1卫,中楼层（19层）,1200 元/月,CD2769583977156321280,2021-07-02,103.970359,30.753756,整租,/权属核验/精装/,有,暂无数据,民水,民电,有,自采暖,2021-07-02 19:45:16,成都
高新西-高新西-龙城高新天地,38.57㎡,东南,1室0厅1卫,中楼层（19层）,1200 元/月,CD2734083653960204288,2021-07-02,103.970359,30.753756,整租,/权属核验/,有,暂无数据,民水,民电,有,自采暖,2021-07-02 19:45:21,成都
高新西-高新西-上锦颐园佳境,90.73㎡,东,2室1厅1卫,高楼层（26层）,1500 元/月,CD2778893471510446080,2021-07-02,103.936709,30.784917,整租,/权属核验/近地铁/,有,暂无数据,民水,民电,有,自采暖,2021-07-02 19:45:26,成都
高新西-高新西-恒大帝景,69.00㎡,东南,2室1厅1卫,高楼层（26层）,1500 元/月,CD2817379586160476160,2021-07-02,103.93113,30.798078,整租,//权属核验/新上/精装/随时看房/,有,暂无数据,商水,商电,无,暂无数据,2021-07-02 19:45:35,成都
